Peak (ms),Timestamp (ms),Est Tau (ms),Rise Time (ms),Rise Rate (pA/ms),Amplitude (pA),Fit Amplitude (pA),Fit Tau (ms),Amp Offset (pA),Start (ms),IEI (ms),Acquisition,Holding Current (pA)
298.8,298.8,2.55185893179173,1.5,18.223847499395912,27.335771249093867,-24.91281409612039,2.2077831225077453,0.2708743148581082,2945,61.80000000000001,1,-45.16672668427716
360.6,360.6,2.1273474161027024,1.5,11.38727857623116,17.08091786434674,-16.73966918527186,1.4758708376528897,-0.7476581913021275,3564,71.09999999999997,1,-45.16672668427716
431.7,431.7,5.537629882180409,1.8,6.562819204202603,11.813074567564685,-11.056041710443145,4.22092099985574,-0.16253206860305636,4273,493.7,1,-45.16672668427716
925.4,925.4,0.8905399675206354,1.5,3.9247646543108683,5.887146981466302,-5.42291602573619,1.604134244112539,0.21455846808197973,9209,122.30000000000007,1,-45.16672668427716
1047.7,1047.7,12.166400820591297,2.2,2.4318707786189533,5.350115712961697,-2749.068052166777,69328.40331941063,2747.406042435811,10431,40.09999999999991,1,-45.16672668427716
1087.8,1087.8,1.1912338878481024,1.7,17.91775731179473,30.460187430051043,-29.292395120488713,1.5752306650464423,-0.6320102970141028,10834,79.40000000000009,1,-45.16672668427716
1167.2,1167.2,3.001764689826814,5.6,1.5556320279628295,8.711539356591844,-8.425146341576609,3.7661504715916996,0.001601197963313697,11589,87.29999999999995,1,-45.16672668427716
1254.5,1254.5,2.9503696135681823,2.9,4.547453230640619,13.187614368857794,-14.527780297274672,3.3185276917113753,-0.3561790720906326,12493,154.20000000000005,1,-45.16672668427716
1408.7,1408.7,1.9230643049962963,1.4,16.97203334972646,23.76084668961704,-24.140475719111087,1.5314627790820616,-0.7252222332740699,14044,283.39999999999986,1,-45.16672668427716
1692.1,1692.1,3.7124983373149005,1.6,5.732918219127138,9.172669150603422,-8.792008955285745,1.9904790343724763,-1.2048921529721401,16879,23.40000000000009,1,-45.16672668427716
1715.5,1715.5,3.384467961743212,1.5,5.665918078205248,8.498877117307872,-6.647684102270288,1.2161459486006725,-1.9441034252766995,17112,27.299999999999955,1,-45.16672668427716
1742.8,1742.8,2.090313282619536,1.6,9.836253214341836,15.738005142946937,-15.320273082990594,1.7661946866558342,-0.857114328097115,17385,158.4000000000001,1,-45.16672668427716
1901.2,1901.2,4.3037311708376365,1.6,20.58039546575773,32.92863274521237,-31.322892259330718,3.55989659899879,-1.3489909585263762,18969,188.60000000000014,1,-45.16672668427716
2089.8,2089.8,1.5862882390552842,2.4,2.5871718271402515,6.2092123851366035,-4.957272090893678,0.6060079297763823,-0.8590530883114507,20853,67.19999999999982,1,-45.16672668427716
2157.0,2157.0,1.500949714383387,1.5,3.4151178728387426,5.122676809258114,-4.188975122422604,0.5978870201064725,-0.7321404550327408,21528,175.69999999999982,1,-45.16672668427716
2332.7,2332.7,0.8852611144982803,2.2,2.274900688088778,5.004781513795312,-7.4226665011216415,0.7669782685737196,-0.7046676800517646,23279,118.60000000000036,1,-45.16672668427716
2451.3,2451.3,2.4714658796692675,1.6,25.250281711641467,40.40045073862635,-42.167637059818894,1.9279046619582145,-0.226383987885223,24471,99.19999999999982,1,-45.16672668427716
2550.5,2550.5,2.4824412838766876,1.8,12.65692417144663,22.782463508603932,-22.905825859516888,2.578253433423804,0.2823626711675299,25461,208.0,1,-45.16672668427716
2758.5,2758.5,0.6602400005202071,2.1,2.6568375761543543,5.579358909924144,-6.340013750310429,0.4022304607857591,-0.13320082017545626,27539,739.3000000000002,1,-45.16672668427716
3497.8,3497.8,7.096007921535056,1.7,3.6106102867151875,6.138037487415819,-5.954223208225859,7.326577736654918,2.266933971720434,34935,121.59999999999991,1,-45.16672668427716
3619.4,3619.4,5.0272783844906375,2.4,2.3587033063602965,5.660887935264711,-3.415859522553736,2.4380440600920092,0.6065803748304494,36147,147.5,1,-45.16672668427716
3766.9,3766.9,3.96869666817729,1.9,5.0267950670080275,9.550910627315252,-9.302173616371434,2.6531435209185115,-0.3065720780948699,37624,399.0999999999999,1,-45.16672668427716
4166.0,4166.0,4.165360111571499,2.5,5.106884786473466,12.767211966183664,-9.724446143738518,1.9475293907771976,0.2405501666143856,41612,234.5,1,-45.16672668427716
4400.5,4400.5,5.402035229900503,1.9,9.789697983354761,18.600426168374046,-16.83643528488309,4.300255250758099,0.437690169373376,43961,63.69999999999982,1,-45.16672668427716
4464.2,4464.2,0.9355312943371246,1.6,3.726014131985132,5.961622611176211,-5.718510547423457,0.5772314570331426,0.30351625254812525,44598,205.10000000000036,1,-45.16672668427716
4669.3,4669.3,2.6355519324461056,1.5,41.04186767046764,61.56280150570146,-55.784316189050564,2.1719041740478398,0.7388575950271669,46650,239.89999999999964,1,-45.16672668427716
4909.2,4909.2,2.2450034661007523,1.6,4.513109839406499,7.220975743050399,-6.917234403882407,2.726468779509194,1.114854982733831,49049,303.5,1,-45.16672668427716
5212.7,5212.7,6.278331704720768,2.0,9.040794097705287,18.081588195410575,-20.287330927049336,5.508409056311821,2.12579479836408,52083,68.19999999999982,1,-45.16672668427716
5280.9,5280.9,1.1144592838849348,1.9,8.499467096651227,16.14898748363733,-14.542137992684205,1.2800307170221297,0.9058555411914073,52764,142.0,1,-45.16672668427716
5422.9,5422.9,1.4146387358989159,1.4,14.44676645020442,20.225473030286185,-18.325655075166967,0.9187616317309479,-0.6060429175545904,54186,122.70000000000073,1,-45.16672668427716
5545.6,5545.6,2.6842807662367703,1.6,27.71588853682078,44.34542165891325,-38.99391129291932,2.4179718750536323,-0.9281283051218313,55413,27.899999999999636,1,-45.16672668427716
5573.5,5573.5,6.793638527633448,1.4,11.73060915372243,16.4228528152114,-13.032588186353628,5.380074072512609,-0.3336564050292693,55693,42.80000000000018,1,-45.16672668427716
5616.3,5616.3,4.419164091746643,1.8,9.565006322089848,17.21701137976173,-16.872223715014847,3.544004609960353,0.020439968582489896,56120,117.19999999999982,1,-45.16672668427716
5733.5,5733.5,3.9987548784163662,2.0,6.852331149499804,13.704662298999608,-13.65673525916806,2.966931860056032,0.12218601869405113,57291,291.3000000000002,1,-45.16672668427716
6024.8,6024.8,4.82246387901323,4.1,2.039917677107314,8.363662476139988,-8.498739321443173,4.017572618536516,0.6862474734969963,60194,140.09999999999945,1,-45.16672668427716
6164.9,6164.9,7.924022564898041,3.1,6.443279061740495,19.974165091395534,-19.33012775843126,5.9499539811773685,0.4398430428561443,61597,45.20000000000073,1,-45.16672668427716
6210.1,6210.1,1.2210114117362536,1.9,3.9086833570106063,7.426498378320152,-8.220581609853005,0.8850113580283034,-0.2637339212576617,62056,281.0,1,-45.16672668427716
6491.1,6491.1,3.6429174302225875,1.6,10.98323169816622,17.573170717065953,-16.487610685962103,2.336614958470264,-1.0777926499534811,64868,14.199999999999818,1,-45.16672668427716
6505.3,6505.3,1.3481446284116827,1.5,7.6056320367809045,11.408448055171357,-13.93812174988026,1.262000424370492,0.13183375472328765,65009,137.19999999999982,1,-45.16672668427716
6642.5,6642.5,8.916193545347777,2.6,3.514125634569325,9.136726649880245,-7.632233142415726,5.684013686574568,0.5618505549606089,66380,90.69999999999982,1,-45.16672668427716
6733.2,6733.2,6.536543145983887,1.9,8.836912121904602,16.790133031618744,-18.589152752890787,4.774343330180857,1.1274121994741602,67289,128.30000000000018,1,-45.16672668427716
6861.5,6861.5,1.9679304821795085,1.5,14.12979585123171,21.194693776847565,-18.644306355995322,1.6165434530317233,0.01873916143519602,68572,34.30000000000018,1,-45.16672668427716
6895.8,6895.8,4.778641408019757,1.7,5.711629931111552,9.709770882889638,-9.515373014658973,3.4510441657763438,0.927022121001042,68916,55.0,1,-45.16672668427716
6950.8,6950.8,5.162288409129542,1.5,32.453788488535515,48.68068273280328,-50.158168297098904,5.001004987953651,2.899892779150836,69465,84.0,1,-45.16672668427716
7034.8,7034.8,1.9966645484179026,1.6,14.900546981507015,23.840875170411223,-22.384453365470215,2.0714262918149156,0.6690032884670264,70304,164.09999999999945,1,-45.16672668427716
7198.9,7198.9,3.1170548360561954,1.5,46.805605836538575,70.20840875480786,-63.89650146718018,2.8656904893602024,0.7231746712796474,71946,42.5,1,-45.16672668427716
7241.4,7241.4,3.8787160018706346,1.7,9.058913165218234,15.400152380870999,-14.442971064519762,3.6268351379241177,1.6182878791108042,72370,127.30000000000018,1,-45.16672668427716
7368.7,7368.7,4.197975256787322,2.1,4.187335102021669,8.793403714245507,-6.373845158819262,0.7244518253842835,-1.6859563598866345,73641,10.800000000000182,1,-45.16672668427716
7379.5,7379.5,7.531516617057787,1.7,7.5087781504096185,12.764922855696351,-12.009652330596253,4.141284173429712,0.6657605033252831,73753,347.60000000000036,1,-45.16672668427716
7727.1,7727.1,2.8620731632123353,1.5,5.3494138554727,8.02412078320905,-7.2661183086968295,1.7994640836875544,0.08235110911692163,77230,60.899999999999636,1,-45.16672668427716
7788.0,7788.0,3.5275189491163474,1.5,30.947411432005783,46.421117148008676,-43.44027207911355,2.542325000466531,0.31815349129433035,77837,30.899999999999636,1,-45.16672668427716
7818.9,7818.9,2.7559372165749663,1.5,6.138420938632721,9.207631407949082,-7.919172362589992,4.025220184445471,1.0698490366540538,78146,34.80000000000018,1,-45.16672668427716
7853.7,7853.7,3.931125521437207,2.6,5.283530953111723,13.73718047809048,-12.478767898228575,5.557521876598436,0.5427474383522521,78488,145.80000000000018,1,-45.16672668427716
7999.5,7999.5,4.596475906165142,1.6,9.243838005146932,14.790140808235092,-10.229120908986866,3.2961341262506645,0.2374181587710541,79952,159.10000000000036,1,-45.16672668427716
8158.6,8158.6,2.6794583527502254,2.4,4.174651954407368,10.019164690577682,-11.791558346747786,1.992833242214984,1.0011334929880409,81544,35.79999999999927,1,-45.16672668427716
8194.4,8194.4,4.01268147041701,1.5,7.077689202429323,10.616533803643986,-8.702034673796238,3.031802382934931,0.6652915598428667,81902,178.60000000000036,1,-45.16672668427716
8373.0,8373.0,3.794023454953276,2.3,7.594284254703554,17.466853785818174,-16.831670164303333,3.052376716808561,0.6172205668972877,83686,18.100000000000364,1,-45.16672668427716
8391.1,8391.1,1.0393184171363827,1.6,3.1954166311553127,5.1126666098485005,-5.903253621490202,0.9908475909661019,1.5763655434595745,83867,74.39999999999964,1,-45.16672668427716
8465.5,8465.5,2.8546488802792735,1.6,7.71126508045727,12.338024128731632,-11.699142355012805,2.909001630629284,1.7672948047381118,84612,640.2999999999993,1,-45.16672668427716
9105.8,9105.8,5.75897986756172,1.7,13.76151501590288,23.394575527034895,-22.071102032616512,4.828764438765828,1.6521795806288333,91015,47.70000000000073,1,-45.16672668427716
9153.5,9153.5,2.857035649428144,1.7,12.685313787771397,21.565033439211376,-19.00705733108359,2.894317911702237,0.0083320242178064,91492,129.29999999999927,1,-45.16672668427716
9282.8,9282.8,1.7174343566584866,1.5,19.1865621966023,28.77984329490345,-28.99902017828443,1.529447459493386,-0.022362554961486748,92785,220.8000000000011,1,-45.16672668427716
9503.6,9503.6,2.700111383863259,1.8,7.934621292770776,14.282318326987397,-14.641672377975942,2.230393636168426,1.4699350473074704,94992,289.7999999999993,1,-45.16672668427716
9793.4,9793.4,4.688972518696391,2.2,3.504437505636341,7.7097625123999505,-7.238633384983424,4.168579322780569,1.3713412365052302,97886,33.20000000000073,1,-45.16672668427716
9826.6,9826.6,3.032992424041731,2.3,6.942187786773567,15.967031909579203,-18.026581819636892,3.193165972441479,2.0317047708303244,98219,62.19999999999891,1,-45.16672668427716
9888.8,9888.8,2.0655177169639503,1.5,47.62442125107936,71.43663187661905,-68.35069466659095,1.6934528303799123,-1.1489153252385096,98845,99.60000000000036,1,-45.16672668427716
9988.4,9988.4,2.8141514995513717,1.4,6.1560343959399235,8.618448154315892,-7.563985691670724,2.4738751404856836,1.1872844435957355,99843,0.0,1,-45.16672668427716
18.4,10018.4,1.9343719013881497,1.6,14.112595644397775,22.580153031036442,-22.39697264820482,1.5767621597849446,0.37725831288348266,141,108.5,2,-44.403797399657776
126.9,10126.9,1.125474502947759,3.5,1.6730759212996562,5.855765724548797,-4.953276290582802,1.5478475677962658,-0.1627957237752034,1224,36.0,2,-44.403797399657776
162.9,10162.9,3.4885781114993053,2.3,3.2487772793670473,7.472187742544208,-7.555104609757061,3.0260295154462775,0.31177310065016217,1585,425.6,2,-44.403797399657776
588.5,10588.5,1.7978923146258239,1.4,20.945269582439916,29.32337741541588,-28.856953243209542,2.123262722604786,0.22509410285711398,5842,37.10000000000002,2,-44.403797399657776
625.6,10625.6,1.26299115699112,1.6,5.373893862974559,8.598230180759295,-7.679856160648563,0.8842004262961163,-0.5820554082883375,6211,55.5,2,-44.403797399657776
681.1,10681.1,2.4829359440366714,1.3,10.725308068772902,13.942900489404774,-12.459136860388949,2.835105817656403,-0.810318245596975,6769,80.19999999999993,2,-44.403797399657776
761.3,10761.3,3.041033431612232,1.8,2.9124082578408266,5.242334864113488,-2.1285539938434828,0.34539186701300506,-2.5254053853758136,7569,13.800000000000068,2,-44.403797399657776
775.1,10775.1,8.2929431452887,1.8,6.224418735550172,11.20395372399031,-9.028077993720487,11.264324042906821,1.276365306377979,7708,47.5,2,-44.403797399657776
822.6,10822.6,2.599520537321223,1.5,24.087799780761017,36.131699671141526,-30.790011999378642,1.9144796922693816,-1.959708068296432,8183,271.1,2,-44.403797399657776
1093.7,11093.7,4.980043469725206,2.1,9.850236908418418,20.68549750767868,-15.497947837621027,3.7464927535447234,-0.16832873234624668,10894,230.39999999999986,2,-44.403797399657776
1324.1,11324.1,3.906512456940436,3.5,2.930847109693954,10.257964883928839,-10.034388927812042,3.4957281798063033,0.20610372462778878,13186,72.5,2,-44.403797399657776
1396.6,11396.6,1.839575476265054,2.7,1.6535266737938006,4.464522019243262,-4.041314184998172,0.9776997211437759,-0.562183354345229,13921,105.30000000000018,2,-44.403797399657776
1501.9,11501.9,3.9020878012819593,1.8,9.26638978075954,16.679501605367175,-15.436540817507426,4.135164939136369,1.0633522644949094,14975,416.89999999999986,2,-44.403797399657776
1918.8,11918.8,3.1888594882442702,1.8,5.542440683315675,9.976393229968215,-11.153597340124412,3.2874182924166773,0.9594325049372326,19145,251.60000000000014,2,-44.403797399657776
2170.4,12170.4,3.9126620056013053,1.8,12.800725090144873,23.041305162260773,-24.951470332015045,3.3177649891960272,0.9615296332063479,21661,43.19999999999982,2,-44.403797399657776
2213.6,12213.6,2.9383483251906,1.6,25.715461739918002,41.1447387838688,-41.15114974270487,2.7358350661773514,0.7209005254884662,22093,98.09999999999991,2,-44.403797399657776
2311.7,12311.7,7.16672455980879,2.4,2.726095362327694,6.542628869586466,-2330.1900108795116,26226.014008128855,2325.7013776736417,23073,13.300000000000182,2,-44.403797399657776
2325.0,12325.0,3.3133308392763867,1.4,11.91305596323975,16.67827834853565,-14.044402546958827,2.697019304220996,-0.8568222547773368,23208,310.9000000000001,2,-44.403797399657776
2635.9,12635.9,3.772966760253621,2.5,2.698140418018428,6.745351045046069,-4.619652604705598,4.413535897346852,0.1152049168571777,26314,112.09999999999991,2,-44.403797399657776
2748.0,12748.0,4.969344946905039,3.1,2.785434154289407,8.634845878297162,-8.541740674860584,3.4213113408361795,-0.040386040029574875,27431,106.30000000000018,2,-44.403797399657776
2854.3,12854.3,0.8988558424029179,1.8,3.1792779150154344,5.722700247027782,-3.074775454586197,13.612529530563053,0.7656012339063442,28499,47.59999999999991,2,-44.403797399657776
2901.9,12901.9,1.3141782309692644,4.5,3.2228638815794923,14.502887467107715,-12.994236565356411,2.7526817944289355,-0.009656216452246773,28974,204.4000000000001,2,-44.403797399657776
3106.3,13106.3,1.9509183389818645,1.5,44.89063879106251,67.33595818659376,-65.98573887774768,1.582165345233916,0.16077146831697542,31020,104.69999999999982,2,-44.403797399657776
3211.0,13211.0,3.2834525055583073,1.6,3.512849475529232,5.6205591608467715,-6.98843447526833,3.9652990445334515,0.30912084737403495,32066,125.69999999999982,2,-44.403797399657776
3336.7,13336.7,1.0428694084148447,2.2,2.8276092092208134,6.22074026028579,-5.914396468100428,0.5904202252220845,0.942887287341836,33322,128.4000000000001,2,-44.403797399657776
3465.1,13465.1,2.391311022460286,1.6,17.228947538633168,27.566316061813072,-31.417841123089865,2.849780688712119,0.14862334177558176,34608,113.40000000000009,2,-44.403797399657776
3578.5,13578.5,4.061474007905053,2.2,4.632300485202781,10.19106106744612,-11.189100020429247,3.9664030444126515,0.23516485305706183,35739,424.5999999999999,2,-44.403797399657776
4003.1,14003.1,4.637539492412179,3.0,3.189812846352096,9.569438539056287,-11.917917815482951,5.079187320694821,0.6703069518188524,39980,53.09999999999991,2,-44.403797399657776
4056.2,14056.2,1.6482981395172829,1.4,35.731479888061145,50.024071843285604,-62.85822541952683,2.9653643084472487,-3.5204440240489494,40519,15.100000000000364,2,-44.403797399657776
4071.3,14071.3,1.8942557126370958,2.5,2.9733967024447443,7.43349175611186,-10.256558129847338,3.251330478370692,-0.22098445770836972,40663,60.0,2,-44.403797399657776
4131.3,14131.3,1.9360532066915765,4.3,1.3356253783324266,5.743189126829434,-5.293346856779903,1.0424549613774265,-0.29826156605464826,41269,233.89999999999964,2,-44.403797399657776
4365.2,14365.2,1.6016882104806427,1.6,8.635166050795423,13.816265681272679,-16.72620853317365,1.5480719999023755,0.9734993212170986,43608,199.90000000000055,2,-44.403797399657776
4565.1,14565.1,1.3867440314155828,1.4,24.955623667783392,34.93787313489675,-33.87615363674998,1.395924816362898,0.0973627848685617,45608,57.69999999999982,2,-44.403797399657776
4622.8,14622.8,3.3040830722660757,1.7,9.567390899228624,16.26456452868866,-16.94565417710896,2.569759925992599,0.07312326839443956,46185,54.899999999999636,2,-44.403797399657776
4677.7,14677.7,3.197314010244736,1.7,2.7240299401492645,4.630850898253749,-5.289026730967087,5.602223641083331,0.9943974138752367,46733,151.5,2,-44.403797399657776
4829.2,14829.2,0.8711852819011255,1.2,14.971898075788157,17.966277690945788,-18.300070821001317,1.2863976723117303,0.4918740660931311,48248,312.0,2,-44.403797399657776
5141.2,15141.2,4.069448885651946,1.6,14.26499978511603,22.82399965618565,-24.992390557829825,3.1030816524533744,0.15955229694029902,51370,175.19999999999982,2,-44.403797399657776
5316.4,15316.4,2.5973850703398056,2.6,1.5789962410047635,4.105390226612386,-6.670298823158649,4.473077981469672,1.1278912312886589,53113,48.30000000000018,2,-44.403797399657776
5364.7,15364.7,3.3249795848023496,1.5,6.806106777478665,10.209160166217998,-8.26029370031346,1.2617860812521517,-1.998420481567506,53605,16.199999999999818,2,-44.403797399657776
5380.9,15380.9,4.6481436825764835,4.3,1.5772043357189627,6.78197864359154,-8.813369477689607,3.7330381429039514,-0.12206223050573146,53766,121.60000000000036,2,-44.403797399657776
5502.5,15502.5,4.834008359085419,2.3,1.9410388875618207,4.464389441392187,-5.236549693825019,5.671940452934626,0.8886202518758904,54977,146.0,2,-44.403797399657776
5648.5,15648.5,3.271197642134939,1.7,13.75950403354756,23.39115685703085,-24.86898279086487,3.2934845732249713,1.2186291634085458,56442,115.0,2,-44.403797399657776
5763.5,15763.5,1.0148588042400661,1.7,2.720996060265836,4.6256933024519205,-4.662600045758697,1.6995156588519789,0.5476069476174958,57590,200.80000000000018,2,-44.403797399657776
5964.3,15964.3,4.1883353595199875,1.5,10.799149604605853,16.19872440690878,-16.272717364038964,2.726022886538212,0.7149558518413489,59601,170.0,2,-44.403797399657776
6134.3,16134.3,2.6032913449387705,1.5,18.916420717217196,28.374631075825796,-27.980897808367047,2.7959902743174117,-0.02887225403229263,61300,46.399999999999636,2,-44.403797399657776
6180.7,16180.7,5.077708389415784,1.9,3.810282202317747,7.239536184403719,-9.394227372772516,5.861422084888104,0.9597284587802233,61766,63.0,2,-44.403797399657776
6243.7,16243.7,4.019498286512681,1.7,21.124409838871227,35.91149672608108,-32.516418972029555,3.299888677623422,0.8978433002997962,62394,29.5,2,-44.403797399657776
6273.2,16273.2,5.411599657285114,2.6,4.776688280829392,12.419389530156419,-12.721387748108343,4.82436397402991,0.6760649372567595,62682,86.80000000000018,2,-44.403797399657776
6360.0,16360.0,7.864070873541641,1.7,8.09062564212222,13.754063591607773,-9.905543555609011,2.1528069434828883,-3.415622455670464,63558,20.800000000000182,2,-44.403797399657776
6380.8,16380.8,4.546691372343048,1.7,7.432509644045925,12.635266394878071,-7.101520635254344,1.0962950717581839,-6.8014205792679165,63765,21.199999999999818,2,-44.403797399657776
6402.0,16402.0,2.9038429862725024,1.5,39.65836470787101,59.48754706180652,-54.37549748214592,2.2677280213244315,0.6460740722382218,63977,255.89999999999964,2,-44.403797399657776
6657.9,16657.9,2.513259736915643,1.5,14.912539767188685,22.368809650783028,-23.03690569817283,1.693660917721283,-0.7343233803833601,66537,17.200000000000728,2,-44.403797399657776
6675.1,16675.1,2.6416682404102176,1.4,9.258187911507985,12.961463076111178,-9.900869612390888,2.307787531370497,0.37592756712564146,66708,76.79999999999927,2,-44.403797399657776
6751.9,16751.9,5.655235224196804,2.0,3.2616872295902963,6.523374459180593,-5.671165349271732,4.602163799972453,1.1358700478353592,67477,71.30000000000018,2,-44.403797399657776
6823.2,16823.2,2.7415155479262467,1.6,6.752117392288357,10.803387827661371,-9.33312425363942,2.776044264885938,0.28669757212539626,68189,106.80000000000018,2,-44.403797399657776
6930.0,16930.0,5.189906160294777,1.9,9.578125203546197,18.19843788673777,-21.62581771255611,4.715107948685164,1.2785548821530572,69257,599.6000000000004,2,-44.403797399657776
7529.6,17529.6,5.53337891035917,1.4,5.81580989106634,8.142133847492875,-6.954008383448017,4.70250880621381,0.30446102817622617,75254,46.399999999999636,2,-44.403797399657776
7576.0,17576.0,2.8814008307774204,1.4,18.58319995335999,26.016479934703984,-24.87469797009299,2.543379872387334,0.4311006767813252,75718,263.6999999999998,2,-44.403797399657776
7839.7,17839.7,2.7784777989814757,1.5,5.628945066753739,8.443417600130608,-8.80763225960608,2.0802535128327717,0.2998563501840772,78355,92.40000000000055,2,-44.403797399657776
7932.1,17932.1,3.1810899184492882,1.5,7.916418062073531,11.874627093110297,-9.991953267162557,1.9747418015780769,-0.5547866129030632,79279,25.299999999999272,2,-44.403797399657776
7957.4,17957.4,4.865823096994427,1.5,7.701720500634824,11.552580750952236,-8.212037918122999,4.20135484152484,1.1192278318194717,79531,202.10000000000036,2,-44.403797399657776
8159.5,18159.5,2.3202063484102835,3.4,8.897077906055983,30.25006488059034,-28.620964015828758,2.635741956733903,0.8620215380770511,81550,212.5,2,-44.403797399657776
8372.0,18372.0,7.7031863903146585,1.4,6.747889199866963,9.447044879813747,-10.340999090217219,5.826175042717294,2.404595365555341,83680,69.0,2,-44.403797399657776
8441.0,18441.0,1.4794875576422784,1.5,10.10757034843626,15.16135552265439,-14.565774171033945,1.8325028118458724,0.4145150315623499,84366,340.2999999999993,2,-44.403797399657776
8781.3,18781.3,5.372753941673727,2.5,8.30414938873246,20.76037347183115,-23.43968489704443,4.405439937161386,2.688655612689296,87770,89.20000000000073,2,-44.403797399657776
8870.5,18870.5,4.194159720110474,1.5,18.40381104463521,27.605716566952815,-22.819781625085657,3.0908314756387103,0.772438277845517,88662,152.29999999999927,2,-44.403797399657776
9022.8,19022.8,1.9439650241663913,2.0,2.604702290555901,5.209404581111802,-6.1327361889579,2.062849354249292,1.218095615761321,90187,82.30000000000109,2,-44.403797399657776
9105.1,19105.1,3.599462441582,3.0,3.0502609373432854,9.150782812029856,-6.891660704637758,1.911460849070155,1.1148190524707822,91000,124.69999999999891,2,-44.403797399657776
9229.8,19229.8,5.656948148533411,1.7,4.6129469499775535,7.842009814961841,-9.656884404660094,5.282420288392448,1.494530674165599,92255,139.70000000000073,2,-44.403797399657776
9369.5,19369.5,2.187917685888533,1.4,49.97758738699713,69.96862234179598,-59.75588286119647,1.2901482794574985,-7.625555942577425,93652,15.600000000000364,2,-44.403797399657776
9385.1,19385.1,2.044628362711228,1.4,40.43313194226867,56.606384719176134,-43.047290096423616,2.180671089748112,-1.1738469832990237,93807,79.60000000000036,2,-44.403797399657776
9464.7,19464.7,1.4209956641760073,2.3,3.272018406710699,7.525642335434608,-8.20128616769525,0.8818041963812815,1.8419060736843411,94601,77.89999999999964,2,-44.403797399657776
9542.6,19542.6,4.676184503099648,3.0,5.541601841151468,16.624805523454402,-18.786610773363112,4.188302172590056,1.7773395587001632,95374,68.89999999999964,2,-44.403797399657776
9611.5,19611.5,3.398097082282766,1.9,7.472120274027798,14.197028520652816,-13.149939733934891,3.5625371115443505,2.3049993581498383,96071,156.79999999999927,2,-44.403797399657776
9768.3,19768.3,6.7853479541649,4.0,1.7991971381637606,7.196788552655042,-7.434611744220544,6.895840746001826,1.054290500300824,97643,34.0,2,-44.403797399657776
9802.3,19802.3,2.9225538984217563,2.1,11.537015370700646,24.227732278471358,-25.648547707489918,2.519274289334019,1.2350278920961923,97978,0.0,2,-44.403797399657776
96.1,20096.1,1.4030662093350315,1.5,18.273786949681277,27.410680424521917,-24.995256874172394,1.5331764002318038,-0.7908277523338774,917,37.900000000000006,3,-43.38750756577368
134.0,20134.0,1.8784334347505365,1.5,5.751557761071694,8.62733664160754,-12.491374219462296,2.6840681551158974,0.5571562013276551,1298,49.099999999999994,3,-43.38750756577368
183.1,20183.1,1.197096013679129,6.1,0.9457736533361575,5.769219285350561,-4.993869402674285,0.5408536581758607,0.07685120258623403,1744,118.9,3,-43.38750756577368
302.0,20302.0,1.9071241412397284,1.5,44.74667363213007,67.1200104481951,-63.843693090427706,1.888431007440844,-0.6120436787902267,2977,81.5,3,-43.38750756577368
383.5,20383.5,0.9040486701027476,1.5,2.7712461272050333,4.15686919080755,-4.609324321771675,0.7902838191545088,-0.4303099532664965,3790,99.60000000000002,3,-43.38750756577368
483.1,20483.1,2.1140675316496527,1.7,20.761282343915468,35.294179984656296,-33.084981018358626,1.2215668938717268,-3.446688843789413,4787,23.69999999999999,3,-43.38750756577368
506.8,20506.8,4.495063611825026,1.8,11.693756646489085,21.048761963680352,-18.81240647573338,2.639581798182869,-3.5198446435813784,5025,17.19999999999999,3,-43.38750756577368
524.0,20524.0,1.6943053051420975,1.3,13.485829902451922,17.5315788731875,-17.704628233276736,2.368870112135833,0.6141742291158055,5197,122.29999999999995,3,-43.38750756577368
646.3,20646.3,1.8752295059859534,1.5,22.719270327434703,34.07890549115206,-32.16309422733126,1.6717597543167626,0.7890739979925282,6420,96.30000000000007,3,-43.38750756577368
742.6,20742.6,4.156505544687297,2.3,5.815906295211135,13.376584478985608,-9.370585873162597,3.587112005718698,0.40420583467433907,7382,83.69999999999993,3,-43.38750756577368
826.3,20826.3,0.7731373983933736,3.2,2.249262554256738,7.197640173621563,-7.590657831661029,0.5564558761277479,0.2990341798392723,8215,462.9000000000001,3,-43.38750756577368
1289.2,21289.2,2.241315304605814,1.5,25.36878138709359,38.05317208064039,-33.5109769845842,2.01415555063382,0.11889180850307474,12849,251.20000000000005,3,-43.38750756577368
1540.4,21540.4,0.9139521584145769,2.4,3.4115816378718375,8.18779593089241,-8.713412344514651,0.7354136343481763,0.0016575344463932188,15357,112.39999999999986,3,-43.38750756577368
1652.8,21652.8,3.7509943125125575,2.3,6.018807035535054,13.843256181730624,-11.912142177455404,2.192643400410604,-0.7404659140487091,16480,74.20000000000005,3,-43.38750756577368
1727.0,21727.0,2.5967696646406693,3.4,1.9875784875034053,6.7577668575115775,-6.623788281997078,2.0615811392482755,-0.06692763046702538,17216,45.0,3,-43.38750756577368
1772.0,21772.0,4.783926064152911,2.1,12.646387591627148,26.55741394241701,-25.47873821449623,4.0606590874903326,-0.3050214421809118,17675,148.4000000000001,3,-43.38750756577368
1920.4,21920.4,1.0720505229608535,2.2,2.0903957689893926,4.598870691776664,-2.7301667639156912,22.98461261624572,1.0537274988463063,19157,137.19999999999982,3,-43.38750756577368
2057.6,22057.6,5.87883989946422,1.9,9.314131187162824,17.696849255609365,-16.500857087335913,4.091938673690419,0.6746795195194536,20532,76.0,3,-43.38750756577368
2133.6,22133.6,2.784630303445738,1.6,27.391994878316712,43.82719180530674,-42.768465031569995,3.0293834573367664,1.1828718380971937,21293,388.4000000000001,3,-43.38750756577368
2522.0,22522.0,3.206192345019372,1.8,12.521245677752367,22.53824221995426,-24.83427039517979,2.365308084180623,-0.3865014530996652,25177,21.300000000000182,3,-43.38750756577368
2543.3,22543.3,3.8934823216481163,2.7,2.412992398122588,6.515079474930988,-5.16442747839258,1.6829248255590188,-0.19425646007276393,25385,314.7999999999997,3,-43.38750756577368
2858.1,22858.1,4.419519678550569,1.9,10.68339471759839,20.29844996343694,-21.08936573355519,3.58437629475295,0.7487108460439031,28538,128.70000000000027,3,-43.38750756577368
2986.8,22986.8,1.288545301310296,1.4,30.53730338866185,42.752224744126586,-41.79602175457185,1.193148323377533,0.22418872324820338,29825,14.899999999999636,3,-43.38750756577368
3001.7,23001.7,1.6633368529146537,2.3,1.9720153227399515,4.535635242301888,-3.6739402910413292,0.6440437958330228,-0.3647622537315974,29974,34.40000000000009,3,-43.38750756577368
3036.1,23036.1,2.4614882406240213,1.7,11.914746755357498,20.255069484107747,-21.208547142553677,2.569616333236367,0.12024666920229193,30317,144.9000000000001,3,-43.38750756577368
3181.0,23181.0,3.249487171931469,2.3,3.9269423982157026,9.031967515896115,-33218.67711881241,194953.2528196474,33213.84707615945,31765,17.199999999999818,3,-43.38750756577368
3198.2,23198.2,0.9602674427624152,1.3,13.84554273562334,17.999205556310343,-16.565851623874234,1.242227788083639,1.0052394283679287,31939,218.5,3,-43.38750756577368
3416.7,23416.7,5.574973041145131,3.7,4.369034114136968,16.165426222306785,-15.399422801534437,5.90248323635542,0.3320967461652677,34115,41.20000000000027,3,-43.38750756577368
3457.9,23457.9,0.9683741692446347,1.3,9.513902433836645,12.368073163987638,-12.56791494707938,0.9607664471998996,0.6170336834991336,34535,42.90000000000009,3,-43.38750756577368
3500.8,23500.8,2.8290076563447655,1.5,38.656671332605015,57.98500699890752,-51.88034559418582,2.4992096542315827,-1.2588083470768532,34965,34.59999999999991,3,-43.38750756577368
3535.4,23535.4,3.552849752183829,2.0,7.914082648777394,15.828165297554788,-15.535553077596216,3.4413146056005792,-0.2594741167952863,35310,386.5,3,-43.38750756577368
3921.9,23921.9,4.427361059752002,2.3,6.5096604172287424,14.972218959626106,-14.988175949702438,3.9602767700373467,1.0669956348376657,39173,81.69999999999982,3,-43.38750756577368
4003.6,24003.6,2.671409889065399,1.5,33.31498463011723,49.97247694517584,-46.69127017895435,2.695179909123661,1.4026914443948026,39994,177.0999999999999,3,-43.38750756577368
4180.7,24180.7,1.4284830726734072,1.5,11.702064289230762,17.553096433846143,-17.797529477035575,2.400712780569696,1.6484177316626136,41763,327.10000000000036,3,-43.38750756577368
4507.8,24507.8,1.3499729711438704,2.7,1.9637695785550766,5.3021778620987075,-5.031203876370279,0.8522335144924489,0.3134542949161217,45028,31.199999999999818,3,-43.38750756577368
4539.0,24539.0,3.022720690699498,1.5,43.71866606918952,65.57799910378428,-64.02069735182133,2.4531469091092037,1.193549251947725,45348,77.30000000000018,3,-43.38750756577368
4616.3,24616.3,4.225262574125372,3.0,4.506235874230333,13.518707622690998,-14.427280938407035,2.8674432926860756,0.13292813363543388,46113,44.19999999999982,3,-43.38750756577368
4660.5,24660.5,2.868045626951789,1.9,7.33865321245042,13.943441103655797,-14.793824299216842,1.9416087306302918,0.7170069802437876,46561,190.69999999999982,3,-43.38750756577368
4851.2,24851.2,4.760548343150731,1.7,13.10599137757086,22.28018534187046,-19.199560851930737,3.2718484963094845,1.3281816731759026,48468,276.5,3,-43.38750756577368
5127.7,25127.7,1.0435109309932158,2.0,9.581334886174348,19.162669772348696,-22.159972203536054,1.7581594372520237,-0.07864990738603221,51233,227.10000000000036,3,-43.38750756577368
5354.8,25354.8,3.3917029961769005,1.5,18.974496358379888,28.46174453756983,-25.72753521252974,3.50129909278112,0.4096428877868861,53505,70.69999999999982,3,-43.38750756577368
5425.5,25425.5,6.078628416907304,2.7,14.500577980985716,39.151560548661436,-43.87159944294591,4.807671999813477,1.6045630045671895,54206,47.80000000000018,3,-43.38750756577368
5473.3,25473.3,3.9242936243077566,1.4,19.525931897195438,27.33630465607361,-24.026963682751475,2.320007722971984,0.5514922652613572,54691,28.399999999999636,3,-43.38750756577368
5501.7,25501.7,2.949160539022705,1.4,27.277114695157316,38.18796057322024,-31.3790156723522,1.8435985913117903,-2.0560489764452785,54974,15.600000000000364,3,-43.38750756577368
5517.3,25517.3,1.8313176497118548,1.4,11.12417642053767,15.573846988752738,-15.10775476303013,1.4299516059328274,-0.14447494716682102,55130,85.19999999999982,3,-43.38750756577368
5602.5,25602.5,2.0044428035216697,1.4,13.160152243103411,18.424213140344776,-15.489088770356519,1.8915756909867025,-0.868142532960233,55981,34.0,3,-43.38750756577368
5636.5,25636.5,3.158137427471229,1.5,8.20465635269585,12.306984529043774,-12.519833856449765,2.3405580888299844,-0.048431162337453815,56324,87.5,3,-43.38750756577368
5724.0,25724.0,1.177105032937834,1.9,2.7442244001185383,5.214026360225223,-4.85515945281588,0.8111561367139747,0.2222681029004893,57195,67.39999999999964,3,-43.38750756577368
5791.4,25791.4,1.929389374490711,1.3,8.912135259296,11.585775837084801,-9.087973058565302,0.6543739862727432,-3.374895444043352,57871,17.100000000000364,3,-43.38750756577368
5808.5,25808.5,2.048261461067159,1.4,23.131927817424923,32.38469894439489,-27.771504929688547,1.52718227147558,-1.5121007822716308,58042,13.600000000000364,3,-43.38750756577368
5822.1,25822.1,0.8580083573819138,1.3,11.082989799218119,14.407886738983555,-14.81456867448838,0.5545968801127312,-2.126344292523644,58177,21.699999999999818,3,-43.38750756577368
5843.8,25843.8,1.9446684707363602,1.5,14.34028761659657,21.510431424894854,-20.450314898982032,1.8631269300824802,-1.116967076456586,58395,24.699999999999818,3,-43.38750756577368
5868.5,25868.5,5.234716034286976,1.4,11.014730436405818,15.420622610968143,-10.276140318265556,4.314249348533189,0.05151025943557358,58642,45.5,3,-43.38750756577368
5914.0,25914.0,1.0593453267763835,2.8,1.9775427767428277,5.537119774879917,-5.148952372097389,0.7117531913451767,0.007561778608529425,59090,69.30000000000018,3,-43.38750756577368
5983.3,25983.3,1.1400479761476163,1.5,4.568709607001922,6.853064410502883,-12.72162756010776,3.0968143734633524,0.22046362529243352,59790,34.30000000000018,3,-43.38750756577368
6017.6,26017.6,4.2308532106297205,3.5,2.9124134641552524,10.193447124543383,-7.979440833812359,2.2117203590005494,-2.269594920899335,60125,11.299999999999272,3,-43.38750756577368
6028.9,26028.9,4.700891719991342,1.4,3.6860067213032432,5.16040940982454,-14349.167804595423,102047.325533024,14345.775340585042,60246,11.300000000000182,3,-43.38750756577368
6040.2,26040.2,2.2331647553437506,1.3,10.000023119448597,13.000030055283176,-11.999356992917198,1.609648294845501,0.26629378647145713,60360,29.0,3,-43.38750756577368
6069.2,26069.2,0.7881516562825709,1.0,4.3320543365706605,4.3320543365706605,-3.3346772615706124,0.307383961176413,0.15984585887666025,60682,34.19999999999982,3,-43.38750756577368
6103.4,26103.4,1.6909464704382118,1.4,9.810084783508456,13.734118696911839,-13.747524888730721,1.217580719111996,0.4150216341757483,60992,26.900000000000546,3,-43.38750756577368
6130.3,26130.3,4.248198946258344,1.4,7.936786926580901,11.11150169721326,-8.477496136438358,1.1552618365196288,-1.1791761527107436,61261,18.5,3,-43.38750756577368
6148.8,26148.8,7.6874250922432115,1.4,10.24609972562963,14.34453961588148,-9.51454324303428,7.081760187091141,1.7833186496840565,61446,60.399999999999636,3,-43.38750756577368
6209.2,26209.2,4.9313526856713,1.4,9.069473603014595,12.697263044220433,-10.289694216536232,4.821102925905337,2.2473999211640017,62048,90.5,3,-43.38750756577368
6299.7,26299.7,1.1423503496291232,1.4,5.49847260840567,7.697861651767938,-7.565853082968269,0.5850272726401394,-0.13653480414196842,62954,16.600000000000364,3,-43.38750756577368
6316.3,26316.3,2.782108335441444,1.5,7.579235910942923,11.368853866414383,-11.922744330257313,3.8460630063237584,1.920528457264745,63123,84.80000000000018,3,-43.38750756577368
6401.1,26401.1,1.6073893759057682,1.5,10.785804139190164,16.178706208785247,-14.059694179878951,1.3609543165363323,0.8905642711888305,63967,52.29999999999927,3,-43.38750756577368
6453.4,26453.4,8.613786199959577,1.9,4.751211888631113,9.027302588399115,-9.358681705779114,6.070541912977313,1.5940116714667414,64490,44.30000000000018,3,-43.38750756577368
6497.7,26497.7,3.704433147898089,1.4,15.254196934852777,21.355875708793885,-18.669500742831897,2.0520132814761767,-1.5163465713545718,64935,24.5,3,-43.38750756577368
6522.2,26522.2,1.1618256112247765,1.5,15.32929206319803,22.993938094797045,-27.15428896618581,1.3498901815064432,0.7873211189170983,65178,75.90000000000055,3,-43.38750756577368
6598.1,26598.1,3.40522428592667,1.7,22.931233511436375,38.98309696944184,-39.331544400902054,2.4471584002269253,-1.8814858451702456,65938,19.0,3,-43.38750756577368
6617.1,26617.1,1.1118112301381189,1.5,18.932581846298792,28.398872769448186,-26.94023599274796,1.11744504332172,0.5406265870050787,66127,43.29999999999927,3,-43.38750756577368
6660.4,26660.4,5.6625952665606745,2.4,6.446584759132536,15.471803421918086,-14.965272089753858,5.891408124673853,1.11530212800206,66560,34.20000000000073,3,-43.38750756577368
6694.6,26694.6,2.1851029351819307,1.3,16.39819728669161,21.317656472699092,-19.42853382755699,1.6729713563091348,0.5935675469443065,66904,85.5,3,-43.38750756577368
6780.1,26780.1,9.77938419869606,1.8,8.880537913263344,15.984968243874022,-7.668303705769437,10.723832323242164,-0.25041427703934666,67757,375.09999999999945,3,-43.38750756577368
7155.2,27155.2,2.405181905844074,1.6,39.999950206400285,63.999920330240464,-61.32538562624972,2.5754498837490787,-0.19654274725385085,71509,215.69999999999982,3,-43.38750756577368
7370.9,27370.9,5.7908209248620555,1.4,3.7421567938604388,5.239019511404614,-6.172342897642468,5.225091704997522,1.6360500778618332,73668,179.40000000000055,3,-43.38750756577368
7550.3,27550.3,0.7918984005285893,1.5,3.8216727189548934,5.73250907843234,-5.615439350312501,0.393374000596995,-2.333536428199336,75459,23.699999999999818,3,-43.38750756577368
7574.0,27574.0,5.9284925305604705,2.9,5.275295480903934,15.298356894621408,-15.22612883097309,5.835363010210363,1.476392717244206,75689,105.39999999999964,3,-43.38750756577368
7679.4,27679.4,2.73377606033755,1.5,15.059893291713408,22.58983993757011,-20.14646017759311,1.9798872379229746,0.50875213006925,76751,63.30000000000018,3,-43.38750756577368
7742.7,27742.7,5.300089999665215,1.8,8.535065970199657,15.363118746359381,-14.973013564017243,4.060837930861276,0.899683578684145,77384,210.19999999999982,3,-43.38750756577368
7952.9,27952.9,2.0028729065234074,1.5,20.25094581922361,30.376418728835414,-29.376732053133193,1.9969150591547864,0.6001685253033865,79486,99.5,3,-43.38750756577368
8052.4,28052.4,3.403813427845307,1.4,13.873210216265264,19.42249430277137,-17.93362899226686,3.1902303858548726,1.1127321063468505,80482,32.5,3,-43.38750756577368
8084.9,28084.9,1.9295358729868894,2.6,2.339943338650596,6.08385268049155,-6.020459085780052,1.2046743199710241,0.9140928349194604,80799,367.60000000000036,3,-43.38750756577368
8452.5,28452.5,3.1192468635606927,2.0,11.994475481724452,23.988950963448904,-26.98863850517864,2.5110942244143835,1.0747062099936098,84481,224.70000000000073,3,-43.38750756577368
8677.2,28677.2,3.371968018989719,1.5,20.3439875477872,30.5159813216808,-21.593736518594604,4.328274173902831,0.9026102623537242,86729,378.89999999999964,3,-43.38750756577368
9056.1,29056.1,4.781932294438593,1.8,8.918198232644405,16.05275681875993,-13.847330638442484,5.014127226438193,1.078390107366242,90517,345.39999999999964,3,-43.38750756577368
9401.5,29401.5,5.269832503426005,1.8,7.790164175012481,14.022295515022465,-18.03570855802736,5.148199388466352,1.2156906698104752,93972,49.29999999999927,3,-43.38750756577368
9450.8,29450.8,4.649759499318316,1.9,12.43525340148514,23.626981462821764,-25.086860248760697,4.165899467964011,1.8397836203125992,94465,506.0,3,-43.38750756577368
9956.8,29956.8,3.647142283045105,1.6,17.53886206560524,28.062179304968385,-24.072040904804815,3.5081375167163267,0.681711522571316,99525,0.0,3,-43.38750756577368
4.2,30004.2,3.0236259152891307,2.5,8.459223106269869,21.14805776567467,-21.987094157404286,2.2411278177271146,-0.3022358540167737,0,136.10000000000002,4,-42.696650397328725
140.3,30140.3,5.37068292369031,2.1,6.305194044608628,13.240907493678119,-17.068449097802045,4.669529238987984,0.34087704234487054,1359,83.19999999999999,4,-42.696650397328725
223.5,30223.5,5.108278469236393,4.4,1.851033517109721,8.144547475282772,-7.833244928220847,3.1751629673586255,0.7244329936389121,2168,217.8,4,-42.696650397328725
441.3,30441.3,3.258167511961074,1.6,16.003190486448847,25.605104778318157,-22.313785947327677,3.039254161267689,-0.04766381841265941,4369,290.49999999999994,4,-42.696650397328725
731.8,30731.8,3.533884665135065,2.4,1.9665320367374899,4.7196768881699755,-3.711322244917066,1.2297588378747701,0.6309408218141309,7268,41.10000000000002,4,-42.696650397328725
772.9,30772.9,6.461938566355184,1.9,9.998486769129912,18.99712486134683,-19.134715791564044,6.2056125300695575,0.4091606932276516,7686,45.10000000000002,4,-42.696650397328725
818.0,30818.0,4.192627872754383,1.8,4.700438224722387,8.460788804500297,-8.538549057391029,3.6149309928842492,1.1376761578090575,8137,30.899999999999977,4,-42.696650397328725
848.9,30848.9,2.8842930854851145,1.7,13.624697888040856,23.161986409669456,-22.85411624329116,2.4666966916548807,0.3461778791822524,8446,225.80000000000007,4,-42.696650397328725
1074.7,31074.7,4.030288731750625,1.7,2.988553329592156,5.0805406603066645,-12604.493646026847,81698.93657763084,12599.128603771967,10703,11.200000000000045,4,-42.696650397328725
1085.9,31085.9,2.7785425953696175,2.8,8.306403457525033,23.25792968107009,-24.42948622606017,1.8479026482880734,-1.6007627264730924,10810,24.59999999999991,4,-42.696650397328725
1110.5,31110.5,10.008263132124558,2.5,4.912435000564643,12.281087501411607,-11.508906324762114,7.7080007047493755,0.5376555341034881,11059,147.5999999999999,4,-42.696650397328725
1258.1,31258.1,2.133416308309461,1.5,33.18643102500308,49.77964653750462,-44.50640010242963,1.8307017381921362,0.12110796195766048,12538,77.60000000000014,4,-42.696650397328725
1335.7,31335.7,1.9508340917551323,1.5,17.076857682169972,25.61528652325496,-25.239702692440417,1.6336395223706406,0.6714366776669164,13314,514.3,4,-42.696650397328725
1850.0,31850.0,3.748659261280409,2.0,9.136097311251534,18.27219462250307,-18.082108431692625,2.9168195696801815,0.4542098928607664,18456,126.40000000000009,4,-42.696650397328725
1976.4,31976.4,3.0555728948431353,1.6,15.209192001356863,24.334707202170982,-24.55489338103209,3.2054278103811282,0.5771664124359595,19721,511.5999999999999,4,-42.696650397328725
2488.0,32488.0,3.1179754249969847,1.6,13.68621832063297,21.897949313012752,-18.750673034427848,2.6834855056442044,-1.5479331254965825,24837,11.900000000000091,4,-42.696650397328725
2499.9,32499.9,1.1383263020790764,1.5,5.689833761750706,8.53475064262606,-9.337395579020573,3.7494407170490396,1.0233929573023002,24955,127.0,4,-42.696650397328725
2626.9,32626.9,2.340675003409706,1.6,21.531582466900964,34.45053194704155,-31.902279117818427,1.3740960264965842,-2.3714933259236024,26225,17.199999999999818,4,-42.696650397328725
2644.1,32644.1,4.714748161415628,1.7,9.120741543382833,15.505260623750816,-14.583988430428185,4.613855420236226,1.5341874962692517,26398,364.9000000000001,4,-42.696650397328725
3009.0,33009.0,2.2933254945663064,1.4,20.06227825925568,28.08718956295795,-21.9298745984651,2.941881216856781,0.9027631069525489,30046,206.9000000000001,4,-42.696650397328725
3215.9,33215.9,5.584316258036779,2.9,6.514853269373496,18.893074481183138,-20.11049404988841,4.303572474589832,0.6216553308996392,32109,120.5,4,-42.696650397328725
3336.4,33336.4,3.5156911879799737,2.1,5.352248425742434,11.239721694059112,-13.444388762311583,3.5232903319038016,0.5935144658645017,33321,258.0999999999999,4,-42.696650397328725
3594.5,33594.5,4.655324147285137,1.4,9.828202813092622,13.75948393832967,-10.934842978656528,2.9585208455463183,0.38090409824326615,35903,237.69999999999982,4,-42.696650397328725
3832.2,33832.2,4.128956858282618,2.0,3.435908663584656,6.871817327169312,-6.205944545769535,4.072940372744394,0.38831143073957214,38278,114.5,4,-42.696650397328725
3946.7,33946.7,3.822918079592637,1.6,5.50657591448009,8.810521463168143,-6.68805809582225,3.9241067934120033,0.7031135866423022,39424,58.40000000000009,4,-42.696650397328725
4005.1,34005.1,4.875964223397022,1.8,15.73746295303871,28.32743331546968,-28.664758046319058,3.983223710973396,0.16618903530949644,40008,44.30000000000018,4,-42.696650397328725
4049.4,34049.4,1.302096561477083,1.4,3.0450028607560093,4.263004005058413,-5.185076738221209,0.9350612773959962,0.5537289718353401,40451,108.29999999999973,4,-42.696650397328725
4157.7,34157.7,2.0159634178962733,1.4,10.604365961300575,14.846112345820803,-13.02360689267682,0.9750303806831221,-0.5986662271844065,41535,12.400000000000546,4,-42.696650397328725
4170.1,34170.1,4.137318618948484,2.2,2.986139180430648,6.569506196947426,-7.270487363636631,3.1767295862587837,0.8092604488003179,41654,72.0,4,-42.696650397328725
4242.1,34242.1,9.311168774357792,2.0,2.676309640187542,5.352619280375084,-6.9217529680951015,47.22192670923439,4.438580799202158,42376,67.59999999999945,4,-42.696650397328725
4309.7,34309.7,2.3605407557348372,1.7,9.361565564165389,15.91466145908116,-13.54432083122131,3.1259309957324812,1.2472683622291485,43053,159.10000000000036,4,-42.696650397328725
4468.8,34468.8,2.574116121826228,1.6,16.727221654188543,26.76355464670167,-24.9510344491837,2.0501990501923695,0.7824311561090336,44645,72.09999999999945,4,-42.696650397328725
4540.9,34540.9,2.327792432800197,1.9,5.768563813684773,10.960271246001069,-10.312339019701138,1.5954534570107457,1.2490904374192915,45366,28.900000000000546,4,-42.696650397328725
4569.8,34569.8,3.822161250471254,1.5,16.77674417005053,25.165116255075795,-21.59187000479406,1.9839544007156287,-1.915573280524586,45655,24.5,4,-42.696650397328725
4594.3,34594.3,2.8198878992989194,1.4,21.01335652106644,29.418699129493017,-27.642888760052394,2.8134539931859854,1.4403033827264438,45900,271.39999999999964,4,-42.696650397328725
4865.7,34865.7,4.464419372806151,1.9,15.229213315761028,28.93550529994595,-28.277224382464503,3.2764263492780605,-3.2238157664624865,48613,19.800000000000182,4,-42.696650397328725
4885.5,34885.5,4.046415201413038,2.3,4.178357818208389,9.610222981879295,-10.467262170370883,3.540535516643563,-0.5526524803817032,48809,130.69999999999982,4,-42.696650397328725
5016.2,35016.2,0.930171643342328,1.4,3.3898118043841476,4.745736526137806,-5.382331578764139,1.0832204120796578,0.5045840072304878,50118,32.100000000000364,4,-42.696650397328725
5048.3,35048.3,5.81801322424144,2.9,6.197485492007757,17.972707926822494,-20.57623651408721,4.918207357153089,0.8879837375668862,50436,32.899999999999636,4,-42.696650397328725
5081.2,35081.2,2.006295437244262,3.0,3.6806601331637006,11.041980399491102,-11.332959231569335,2.609291530228244,0.8981378480638207,50764,156.69999999999982,4,-42.696650397328725
5237.9,35237.9,2.1701640865037914,1.6,22.49679591704396,35.99487346727034,-37.84669627918145,1.7424244051078033,1.1275647888612017,52336,146.40000000000055,4,-42.696650397328725
5384.3,35384.3,5.0570304640241375,2.1,7.989642264468789,16.778248755384457,-16.42653803158494,4.130545248502155,0.6674206502408573,53798,216.19999999999982,4,-42.696650397328725
5600.5,35600.5,3.8054989952339384,1.5,20.321665656454968,30.482498484682452,-29.383212028496217,2.9381371403695136,-0.00037402471843312645,55963,58.0,4,-42.696650397328725
5658.5,35658.5,2.3344207423950136,1.7,23.726564455772802,40.335159574813765,-42.371085355083686,2.4327947946905524,0.11473271980172357,56541,49.600000000000364,4,-42.696650397328725
5708.1,35708.1,4.994617101688346,1.6,12.010426623643486,19.21668259782958,-19.523219223308605,4.351459573336503,1.5908853114932997,57038,28.599999999999454,4,-42.696650397328725
5736.7,35736.7,4.08861497042235,1.5,16.184674299036203,24.277011448554305,-24.045302193455615,2.9416035137887797,0.15877110091902086,57325,170.5,4,-42.696650397328725
5907.2,35907.2,4.714892963263265,1.8,7.62264831192142,13.720766961458557,-13.514867393509347,4.535599535494739,0.8060145164278968,59028,147.60000000000036,4,-42.696650397328725
6054.8,36054.8,4.202369893051218,3.0,2.1646147074861357,6.493844122458407,-4.243266609854143,3.250011728194859,0.6645469969913052,60500,154.89999999999964,4,-42.696650397328725
6209.7,36209.7,3.217178946774948,1.6,27.25170266997074,43.602724271953186,-39.812025440985046,2.489244815539504,0.19344095877844622,62054,32.900000000000546,4,-42.696650397328725
6242.6,36242.6,3.0133689441856406,2.3,7.094664772203922,16.31772897606902,-16.99154986955436,2.3710220493870935,1.1831205534993436,62382,63.5,4,-42.696650397328725
6306.1,36306.1,1.6821614901622524,1.5,19.698166169394153,29.547249254091227,-40.93337805420106,1.9870292652405521,-1.9891479097560378,63018,19.399999999999636,4,-42.696650397328725
6325.5,36325.5,6.341174883095664,1.8,10.332568730871788,18.598623715569218,-14.176491938960709,3.879535018956056,1.2306164319748383,63211,226.10000000000036,4,-42.696650397328725
6551.6,36551.6,6.997270156652666,3.1,2.1473731487606176,6.656856761157915,-3.743016710484347,1.4340778294705057,-0.4773622823890097,65460,243.39999999999964,4,-42.696650397328725
6795.0,36795.0,3.134688101589563,1.7,14.59878045826486,24.81792677905026,-25.57337911916301,2.7095147324174356,-0.930574718604802,67907,59.399999999999636,4,-42.696650397328725
6854.4,36854.4,2.796822647820227,1.5,10.043793196598546,15.06568979489782,-15.206826133883494,2.5245615720113865,0.6452349619185399,68501,165.80000000000018,4,-42.696650397328725
7020.2,37020.2,1.367595993311261,1.6,4.920100317657199,7.872160508251518,-9.208063731151386,1.200842409048522,1.256460574711443,70159,43.80000000000018,4,-42.696650397328725
7064.0,37064.0,2.796396288598771,1.8,9.776105547977563,17.596989986359613,-16.298449960600607,2.6937631721625874,1.2891734841624192,70596,51.899999999999636,4,-42.696650397328725
7115.9,37115.9,2.584529946073599,1.6,5.139518292326126,8.223229267721802,-8.232504628071192,2.7769490423726846,1.3110879675414433,71118,122.10000000000036,4,-42.696650397328725
7238.0,37238.0,4.116685792733915,1.4,7.272924909928246,10.182094873899544,-10.118534223724255,6.661570171624343,2.1586828378845664,72339,176.39999999999964,4,-42.696650397328725
7414.4,37414.4,3.2911287939554312,1.4,4.177720115721209,5.848808162009693,-7.796355186286687,2.917369315247677,0.829175845227821,74103,433.8000000000002,4,-42.696650397328725
7848.2,37848.2,4.414621658834221,1.8,10.362824440793757,18.653083993428762,-17.5503975651333,4.190924550964655,0.28582394811672795,78439,80.69999999999982,4,-42.696650397328725
7928.9,37928.9,3.929340739568579,2.8,3.2480865583972114,9.094642363512191,-6.896637845218432,1.5485663583092062,-0.26174589660850006,79243,26.200000000000728,4,-42.696650397328725
7955.1,37955.1,1.2717220543985603,1.9,2.4065146853050674,4.572377902079628,-5.059323491952349,0.7369985256810185,0.7711349821348112,79508,116.79999999999927,4,-42.696650397328725
8071.9,38071.9,7.83133365920221,1.6,10.782456651613193,17.25193064258111,-16.764024936027216,9.442707438101017,2.273759597689587,80675,57.600000000000364,4,-42.696650397328725
8129.5,38129.5,3.843054950184887,2.7,6.509329612615703,17.5751899540624,-14.094542070211665,1.7542669640928816,-4.960660304221444,81247,12.0,4,-42.696650397328725
8141.5,38141.5,2.9561033196907376,1.8,11.473576965277987,20.652438537500377,-22.157477770463423,1.8961535071111548,-2.5481639546337096,81372,14.5,4,-42.696650397328725
8156.0,38156.0,2.694315477547934,1.6,17.650874710074326,28.241399536118927,-26.594444647527464,2.362453793546098,1.1297088401028472,81516,325.60000000000036,4,-42.696650397328725
8481.6,38481.6,5.215643715963234,3.1,3.148812495594571,9.76131873634317,-9.923621326938836,3.6772939831381275,1.1069078405227766,84767,55.29999999999927,4,-42.696650397328725
8536.9,38536.9,3.2859894104039995,1.8,10.355969417483232,18.640744951469816,-20.40563157897017,2.6859877509178105,1.374116842598221,85326,50.30000000000109,4,-42.696650397328725
8587.2,38587.2,2.8224130620568757,2.2,4.6218203043385175,10.16800466954474,-8.475875278742487,1.3975911195779336,-1.043895147908976,85827,27.099999999998545,4,-42.696650397328725
8614.3,38614.3,3.116823889959778,1.5,30.703816710286546,46.05572506542982,-39.01478738422352,2.076153919166546,-1.7530667144004168,86100,18.700000000000728,4,-42.696650397328725
8633.0,38633.0,8.000294473717805,2.7,3.740465903104749,10.099257938382824,-8.938756413173907,6.579989290604966,1.8606103362478568,86282,57.0,4,-42.696650397328725
8690.0,38690.0,2.1901478564788706,1.6,13.314537173795108,21.303259478072174,-21.336216598540336,2.112619698182599,0.15070539987530174,86857,52.29999999999927,4,-42.696650397328725
8742.3,38742.3,2.4806250440422444,1.5,54.74775895909706,82.12163843864559,-74.13996662120194,2.3328177049512493,0.18693416193568232,87381,151.8000000000011,4,-42.696650397328725
8894.1,38894.1,5.570906230907712,1.6,11.780940452220037,18.84950472355206,-16.86103520451956,4.983451403124029,2.023062086965791,88898,299.89999999999964,4,-42.696650397328725
9194.0,39194.0,2.1279596448875964,2.1,5.014790660619624,10.531060387301212,-27.312276570292802,3.3021930649961133,-0.35087645035867226,91895,42.20000000000073,4,-42.696650397328725
9236.2,39236.2,4.163645606058708,1.6,8.574048373922295,13.718477398275674,-12.489666108802968,2.6460787361804115,-0.9907784325658824,92319,20.599999999998545,4,-42.696650397328725
9256.8,39256.8,3.174600212078076,3.7,1.4974429906003974,5.540539065221471,-5.118592661609181,2.9819487332454453,0.5707137781741499,92512,189.70000000000073,4,-42.696650397328725
9446.5,39446.5,3.5160030318176725,1.7,5.972604128061431,10.153427017704432,-7.706311605658591,3.2674148076554825,-0.0968768170432894,94421,111.89999999999964,4,-42.696650397328725
9558.4,39558.4,2.029862120910548,1.5,30.050134852217496,45.075202278326245,-38.64696255854684,2.2826005228699273,0.336100387474659,95541,28.5,4,-42.696650397328725
9586.9,39586.9,3.186882134099142,3.1,1.8687348079565396,5.793077904665273,-21343.63925321181,86479.58989993465,21337.6802227854,95820,10.700000000000728,4,-42.696650397328725
9597.6,39597.6,1.737296536845679,1.5,12.500893875668355,18.751340813502534,-19.59434190543821,1.7834330694615659,0.44661338758852853,95933,58.69999999999891,4,-42.696650397328725
9656.3,39656.3,5.0266938483269765,1.7,9.65571853358329,16.414721507091592,-12.1423218103442,4.4940220402903215,-0.01747720614864345,96520,84.40000000000146,4,-42.696650397328725
9740.7,39740.7,2.6828866950818338,2.0,15.646661232139962,31.293322464279925,-28.284572292998885,2.0243131891973785,-1.7929727379349492,97363,16.19999999999891,4,-42.696650397328725
9756.9,39756.9,3.261659948430315,1.7,6.201726182211645,10.542934509759796,-11.260951414618171,2.4274275350109424,0.16157417986427378,97525,98.20000000000073,4,-42.696650397328725
9855.1,39855.1,2.2131733032962075,2.2,4.037643511727928,8.882815725801441,-5.409256321282042,0.4394159768519599,-4.100734472354305,98505,19.0,4,-42.696650397328725
9874.1,39874.1,6.339836676444975,1.5,19.102589551351077,28.653884327026613,-22.814764484465133,6.307945275663226,1.3822794985026918,98697,46.29999999999927,4,-42.696650397328725
9920.4,39920.4,3.0610069288959494,2.9,2.568831312969444,7.449610807611387,-7.118285650700179,2.006701808980554,0.38341066891540043,99152,0.0,4,-42.696650397328725
122.3,40122.3,2.202581845292184,1.5,28.35557133760855,42.53335700641282,-43.87488083245687,2.4399937263509237,-0.6194399097680925,1180,165.3,5,-41.964999056881545
287.6,40287.6,5.504238422139224,1.7,13.413158285469866,22.80236908529877,-23.646565651282597,4.2470285325543795,0.534617369882973,2833,85.09999999999997,5,-41.964999056881545
372.7,40372.7,3.548785446932425,1.7,23.319190510394016,39.642623867669826,-37.51471077765302,3.1558796572602064,0.439210771963886,3684,71.90000000000003,5,-41.964999056881545
444.6,40444.6,2.054204165331521,1.6,13.024208078883195,20.838732926213112,-33.05396617291775,3.708775675397016,0.31022566680722713,4403,12.599999999999966,5,-41.964999056881545
457.2,40457.2,0.9934411657202873,2.2,1.9100347946706153,4.202076548275354,-4.6217736008657235,1.9230165392860843,0.8890951140371889,4524,427.59999999999997,5,-41.964999056881545
884.8,40884.8,3.9895130950671955,3.0,2.2062058616418363,6.618617584925509,-2.217737681687579e-06,0.0031324104155585827,-5.048669316597612,8794,19.700000000000045,5,-41.964999056881545
904.5,40904.5,3.067480324010103,1.6,23.332163675973625,37.3314618815578,-36.08268387933453,3.18920240113902,0.14075088631687765,9002,1011.8,5,-41.964999056881545
1916.3,41916.3,3.6465909734837623,1.6,6.279897462040551,10.047835939264882,-11.435177805688342,3.3148072988450896,1.291273374525259,19120,181.89999999999986,5,-41.964999056881545
2098.2,42098.2,1.6117266474506322,1.4,26.468261841130857,37.0555665775832,-36.52506418193992,1.3221509146412618,1.1819467805433197,20939,86.80000000000018,5,-41.964999056881545
2185.0,42185.0,1.548160105611896,1.9,2.3203743124309053,4.4087111936187195,-5.3323443214920605,1.2635465810214186,0.4695814759532847,21807,385.0,5,-41.964999056881545
2570.0,42570.0,2.777872627157558,2.9,2.4227980250472876,7.026114272637134,-7.180170314649098,2.472076541928804,0.27810143287711925,25650,69.30000000000018,5,-41.964999056881545
2639.3,42639.3,7.042756564106457,2.4,5.697891120138192,13.674938688331661,-14.181009132536484,5.394279422358524,0.500313195804549,26345,50.19999999999982,5,-41.964999056881545
2689.5,42689.5,1.256400995993681,1.9,3.240598284255204,6.157136740084888,-6.160026476776315,1.0882086404059956,0.3252060824275675,26851,138.69999999999982,5,-41.964999056881545
2828.2,42828.2,1.2521225008451438,1.6,2.505266123175146,4.008425797080234,-4.868594621971526,0.8646966411196605,0.45432002443175834,28239,52.90000000000009,5,-41.964999056881545
2881.1,42881.1,2.8601867341476463,1.5,39.67225755020273,59.508386325304095,-54.35854024229932,2.2799440523393697,-0.6191242904127192,28767,149.0999999999999,5,-41.964999056881545
3030.2,43030.2,2.7805837995947513,1.6,20.20833078263502,32.33332925221603,-29.752898986958545,2.8076442822202563,0.451049473116773,30259,139.30000000000018,5,-41.964999056881545
3169.5,43169.5,5.1277152977236256,3.2,2.887841120018788,9.241091584060122,-8.707090152215777,4.947025975291339,1.0457799342862717,31645,153.9000000000001,5,-41.964999056881545
3323.4,43323.4,1.9708518251230998,1.4,17.265211686090318,24.171296360526444,-22.509517396245798,1.654147366309926,0.5974357691357791,33191,89.29999999999973,5,-41.964999056881545
3412.7,43412.7,4.029770628504775,2.4,9.010893539849855,21.62614449563965,-24.05053603091111,3.604413466192388,1.6323056355694094,34081,126.90000000000009,5,-41.964999056881545
3539.6,43539.6,1.8247034782914853,3.0,2.026785964347082,6.080357893041246,-5.349553406519738,0.9179275064063046,1.1337192434031131,35348,156.0999999999999,5,-41.964999056881545
3695.7,43695.7,4.936966833860788,1.7,12.435056239458707,21.1395956070798,-19.583816845459538,4.634313892104221,-0.8015600835239307,36915,73.80000000000018,5,-41.964999056881545
3769.5,43769.5,2.9374308234109776,1.6,24.5985189561046,39.35763032976736,-37.288232729844424,2.001624383984263,-2.719015149335116,37653,15.300000000000182,5,-41.964999056881545
3784.8,43784.8,5.879791117350396,2.0,5.3368427951942765,10.673685590388553,-12.751797575163083,4.135891456174008,0.2921419296355508,37805,94.89999999999964,5,-41.964999056881545
3879.7,43879.7,4.399081546875095,1.9,12.859426275000782,24.432909922501484,-23.824682182577163,2.936122512015339,-0.5643202852300894,38753,23.800000000000182,5,-41.964999056881545
3903.5,43903.5,8.62743787702857,2.6,3.14916400481605,8.18782641252173,-6.084790317347312,5.131576667302367,1.3370487345337914,38986,70.59999999999991,5,-41.964999056881545
3974.1,43974.1,2.352981075086427,1.5,6.6088400326496455,9.913260048974468,-9.820541525082326,1.8300074874656682,0.6474013288953686,39699,120.30000000000018,5,-41.964999056881545
4094.4,44094.4,2.670450327220897,1.4,4.9079041059302755,6.871065748302385,-5.157392565948101,2.1944346385624423,0.27888182223763913,40903,241.29999999999973,5,-41.964999056881545
4335.7,44335.7,6.419912257463148,2.5,3.6357357054122703,9.089339263530675,-7.238669646372087,2.9461946656909843,-0.16522962870134306,43308,46.900000000000546,5,-41.964999056881545
4382.6,44382.6,1.2951594046513493,2.6,1.8776109616121888,4.881788500191691,-3.5910037075247403,1.0798957218130714,0.11679779159040826,43777,232.69999999999982,5,-41.964999056881545
4615.3,44615.3,7.264638232173456,2.9,5.811625439936035,16.8537137758145,-16.712535522176047,5.538165831097413,0.508783895580669,46101,34.69999999999982,5,-41.964999056881545
4650.0,44650.0,6.130604248455347,1.8,7.064948745215979,12.716907741388763,-15.669203743550243,6.769173361897121,1.7788268817761934,46457,104.60000000000036,5,-41.964999056881545
4754.6,44754.6,4.671569154144526,1.8,13.911754828219344,25.04115869079482,-26.645157302290006,6.0895608432485435,0.6962341795992789,47503,35.69999999999982,5,-41.964999056881545
4790.3,44790.3,1.5239366347865144,1.5,35.65364803767928,53.48047205651892,-53.68928115646195,1.2949900461504933,-0.5925337301218495,47860,191.0,5,-41.964999056881545
4981.3,44981.3,1.8127228701865534,1.6,5.602994891813676,8.964791826901882,-8.696693219612504,1.8637657025527201,0.571059250119872,49770,174.69999999999982,5,-41.964999056881545
5156.0,45156.0,1.8802746234934602,1.6,12.757690965002848,20.412305544004557,-18.372294935109547,2.1765493535750378,-0.7722684427737329,51517,49.80000000000018,5,-41.964999056881545
5205.8,45205.8,2.6118955043268217,1.6,32.75787842920876,52.41260548673402,-51.20876246240759,2.578477782285008,-0.04378186811038128,52015,294.6999999999998,5,-41.964999056881545
5500.5,45500.5,4.7006423243568864,3.2,1.75023660359364,5.600757131499648,-5.47389894522358,3.317128446798935,1.0746940966935712,54956,240.30000000000018,5,-41.964999056881545
5740.8,45740.8,4.7535678864027435,2.3,2.4607321559098865,5.659683958592739,-6.576467530498351,4.292839192480366,0.728376068984606,57367,44.099999999999454,5,-41.964999056881545
5784.9,45784.9,3.014383538475522,2.1,11.527134968835046,24.2069834345536,-20.86633695564974,1.0368764998919577,-4.232820418190313,57804,23.100000000000364,5,-41.964999056881545
5808.0,45808.0,2.3567525439648307,1.5,17.67717238684424,26.51575858026636,-21.95640227967837,2.8833462494262756,1.368323208866761,58037,91.10000000000036,5,-41.964999056881545
5899.1,45899.1,2.3739206826285226,1.5,22.067330151377348,33.10099522706602,-29.04909425376812,2.167253374597119,0.16738360735843114,58948,56.69999999999982,5,-41.964999056881545
5955.8,45955.8,9.298159516553278,2.9,3.8897414559452894,11.280250222241339,-10.554834001576191,4.7794239701522665,0.38731904961695024,59510,593.5,5,-41.964999056881545
6549.3,46549.3,5.366911758531932,1.7,10.340260912309818,17.57844355092669,-45.55781317464161,105.62519028650512,35.66998087205218,65450,12.099999999999454,5,-41.964999056881545
6561.4,46561.4,2.557157210636069,1.5,20.093041228284417,30.139561842426623,-27.071410602799688,1.6808280415861947,-0.23214159264355916,65571,71.5,5,-41.964999056881545
6632.9,46632.9,1.8617177328866092,1.4,32.33617404616476,45.27064366463066,-40.98782446469919,1.8216263324071742,0.22863111212637877,66286,242.40000000000055,5,-41.964999056881545
6875.3,46875.3,3.728842700358655,1.6,10.20373453565929,16.325975257054864,-16.08164094298516,2.8763560404010384,0.3122455946626883,68711,136.69999999999982,5,-41.964999056881545
7012.0,47012.0,7.416204145444499,3.7,1.8096056850977675,6.695541034861741,-3.9971076763331257,2.5911756250312186,-0.7028957518354794,70066,180.60000000000036,5,-41.964999056881545
7192.6,47192.6,3.6629314061021434,2.9,1.8738854858970975,5.434267909101583,-7.995210224831696,3.619050009928355,1.211169300679261,71873,113.59999999999945,5,-41.964999056881545
7306.2,47306.2,2.7149315833317815,1.6,30.538581946860248,48.8617311149764,-48.03076043342253,2.3491953321251695,0.15624746548550994,73019,33.80000000000018,5,-41.964999056881545
7340.0,47340.0,3.3572461408606613,2.8,2.95915754887259,8.285641136843251,-8.299890695287164,4.010729704780324,0.37752222476799707,73349,341.39999999999964,5,-41.964999056881545
7681.4,47681.4,6.544120243252837,2.8,3.688877973632068,10.32885832616979,-8.319182770114605,4.052892541234049,0.7793645384172733,76768,169.80000000000018,5,-41.964999056881545
7851.2,47851.2,3.0901453288708582,1.5,7.006005183817763,10.509007775726644,-9.99919149668476,2.6054882444572787,1.2636798111323064,78470,209.10000000000036,5,-41.964999056881545
8060.3,48060.3,3.303367665784026,1.5,14.17076042846003,21.256140642690045,-20.361991945046277,2.453349982313412,1.3372398098132647,80561,192.90000000000055,5,-41.964999056881545
8253.2,48253.2,4.57374788547313,1.9,15.935091915810109,30.276674640039204,-33.89976118015065,3.9985266137793554,0.7907305711457868,82489,89.19999999999891,5,-41.964999056881545
8342.4,48342.4,3.4029898522407165,1.4,12.745415122439523,17.84358117141533,-18.035729661849203,3.2914711274598227,1.0164903277487332,83382,215.10000000000036,5,-41.964999056881545
8557.5,48557.5,3.4963950751058293,1.7,19.120732487771996,32.50524522921239,-31.561893674352596,3.1179779180373672,0.8467220927860715,85532,105.89999999999964,5,-41.964999056881545
8663.4,48663.4,1.3249401456254417,2.3,3.137489913009404,7.216226799921628,-6.727635026329469,0.8373640488400892,0.4729208798585159,86586,247.89999999999964,5,-41.964999056881545
8911.3,48911.3,2.330455937812803,1.6,21.40829503849553,34.25327206159285,-27.78810439101037,2.4463500496891766,0.9215946083542803,89070,45.900000000001455,5,-41.964999056881545
8957.2,48957.2,2.9805853321871836,1.2,5.4487654703289135,6.538518564394696,-7.727329757084534,11.240438592536602,2.7729127925043797,89530,33.899999999999636,5,-41.964999056881545
8991.1,48991.1,1.3387107687216484,1.3,22.503108053087253,29.25404046901343,-26.146915168464794,1.4671431620274527,0.830347781897415,89868,378.39999999999964,5,-41.964999056881545
9369.5,49369.5,3.0479935887749887,1.9,8.525534367797208,16.198515298814694,-13.755520996403526,2.5339504791747114,0.29892407374278485,93650,220.10000000000036,5,-41.964999056881545
9589.6,49589.6,2.633998598187463,3.9,1.5051774406007057,5.870192018342752,-1.2962636389183434e-11,12.230169543095885,-8.257917187007157,95831,14.0,5,-41.964999056881545
9603.6,49603.6,10.920470636467508,1.4,9.450664390419561,13.230930146587385,-34.53925956444832,13.971372061926258,7.806659306633809,96022,332.6999999999989,5,-41.964999056881545
9936.3,49936.3,1.0139643485759735,1.4,2.8625184148033944,4.007525780724752,-4.469032473845119,2.1614828654534506,0.2861161429085446,99319,0.0,5,-41.964999056881545
