Threshold (mV),Threshold (ms),HW (ms),HW Left (ms),HW Right (ms),Spike (mV),Spike (ms),AHP (mV),AHP (ms),FW (ms),FW Left (ms),FW Right (ms),Depol time (ms),Repol time (ms),AUC,AUC Left,AUC Right,Min velocity,Max velocity,Min Velocity (ms),Max Velocity (ms),Spike Number,pulse_amp,Acq Number
-40.48693641382438,414.7,1.169533286692058,415.01108715302064,416.1806204397127,41.19347846843695,415.3,-55.514302938846896,469.4,3.5,414.7,418.2,0.6,2.9,1068.8698887459127,237.3822999378372,831.4882198527239,-28.953142670303322,5.277657897268865,-28.953142670303322,5.277657897268865,1,100.0,9
-39.10586573484625,657.3,1.362683273834773,657.6818823157079,659.0445655895426,39.74664420356228,658.0,-54.98818062659584,720.3,4.1,657.3,661.4,0.7,3.4,1218.0516148641186,250.73522986765656,967.3200968430689,-26.306090129622838,4.422710350684477,-26.306090129622838,4.422710350684477,2,100.0,9
-38.481095676847865,907.2,1.415017635827644,907.5893037577129,909.0043213935405,38.69440108689008,907.9,-55.514302938846896,959.8,4.2,907.2,911.4,0.7,3.5,1244.9774411292426,239.68904148560586,1005.287112470734,-25.25384707621933,4.274738562927366,-25.25384707621933,4.274738562927366,3,100.0,9
-40.12522742320995,372.8,1.1012265089418634,373.12474276506583,374.2259692740077,41.19347846843695,373.4,-51.79856422013567,399.0,3.2,372.8,376.0,0.6,2.6,990.2391936366544,225.67861102732732,764.5652990150288,-28.476345768310615,5.705131841568457,-28.476345768310615,5.705131841568457,1,125.0,10
-38.9085699263145,472.3,1.3735167349919721,472.6958384679797,474.0693552029717,39.51646602286985,473.0,-53.57422693830735,507.6,4.0,472.3,476.3,0.7,3.3,1204.536904559075,239.24397617543627,965.2931161641947,-26.371856275835732,4.258297276001715,-26.371856275835732,4.258297276001715,2,125.0,10
-38.6783914838943,613.1,1.406253152355839,613.4518867592732,614.858139911629,37.8723361431653,613.7,-53.2125178612981,638.9,4.1,613.1,617.2,0.6,3.5,1217.6065434659763,197.96019161270192,1019.6522466443006,-23.511066392657213,4.192531951195065,-23.511066392657213,4.192531951195065,3,125.0,10
-38.02073879640064,754.7,1.465442635213185,755.0729139560232,756.5383565912364,37.0173885934282,755.4,-52.127390644978576,778.5,4.4,754.7,759.1,0.7,3.7,1265.6082019326118,244.8135011040535,1020.7936552146916,-23.56039171500001,4.159649524212917,-23.56039171500001,4.159649524212917,4,125.0,10
-37.62614718754932,890.0,1.5755434454922579,890.3340158166568,891.9095592621491,35.66920205545141,890.6,-52.58774764315067,915.8,4.5,890.0,894.5,0.6,3.9,1302.2149066612426,195.85960004885268,1106.348415547517,-22.06423638360599,3.551321203406518,-22.06423638360599,3.551321203406518,5,125.0,10
-40.68423222786514,351.1,1.0738743444645933,351.47651353590044,352.55038788036507,40.79888730763752,351.7,-51.46973779730859,367.4,3.2,351.1,354.3,0.6,2.6,966.738721542793,181.64728176173702,785.101806447102,-28.722961828640084,5.968192566076903,-28.722961828640084,5.968192566076903,1,150.0,11
-39.30316154406448,410.7,1.347471209705691,411.1093712541664,412.4568424638721,39.28628784157367,411.4,-52.193155930189306,428.3,4.0,410.7,414.7,0.7,3.3,1189.453999588373,230.2786941293743,959.1827772998948,-26.42118120118007,4.439151607110455,-26.42118120118007,4.439151607110455,2,150.0,11
-38.3824477735814,503.3,1.4521744652781308,503.66672836027993,505.11890282555805,37.280449378862976,504.0,-52.127390644978576,521.5,4.3,503.3,507.6,0.7,3.6,1238.5955267913089,251.9894090467227,986.6100972165291,-23.905658743756064,3.9952363066451095,-23.905658743756064,3.9952363066451095,3,150.0,11
-37.461734017999916,596.6,1.4799969734701335,596.952435863679,598.4324328371492,36.06379323949099,597.3,-51.50262043950067,613.1,4.2,596.6,600.8,0.7,3.5,1219.0199000504686,255.93616045056916,963.0838867302311,-22.047790439452832,3.962353924861868,-22.047790439452832,3.962353924861868,4,150.0,11
-37.165790314003246,694.5,1.5759945804718882,694.8551652541807,696.4311598346527,34.5511936907628,695.2,-51.00938080873198,710.8,4.5,694.5,699.0,0.7,3.8,1274.2930375047304,247.32565401701962,1026.9704983086879,-21.011988591902394,3.5019974506123397,-21.011988591902394,3.5019974506123397,5,150.0,11
-36.24507657801814,791.2,1.589226831727683,791.5430812778048,793.1323081095326,33.59759830924068,791.9,-51.04226345064249,812.3,4.7,791.2,795.9,0.7,4.0,1260.6812769359058,249.4883067501755,1011.1891220610389,-20.107721131775197,3.551321243520597,-20.107721131775197,3.551321243520597,6,150.0,11
-36.5410202772581,893.7,1.6986996993035064,894.1314731777245,895.8301728770281,32.87418111606475,894.5,-50.910732883121,912.9,4.9,893.7,898.6,0.8,4.1,1329.1428379048366,258.1799316016906,1070.9598310427925,-19.8446596492421,3.123847506377242,-19.8446596492421,3.123847506377242,7,150.0,11
-36.31084184438408,998.3,1.6222263056284647,998.6846971765168,1000.3069234821453,32.38094211714194,999.0,8.771231791164912,999.9,4.5,998.3,1002.8,0.7,3.8,1254.1967596053703,217.22618607392147,1036.9685355283007,-19.811774877752995,3.2224952525676027,-19.811774877752995,3.2224952525676027,8,150.0,11
-39.89504897584424,338.1,1.0185218442953556,338.4226755871995,339.4411974314948,40.174117966106884,338.7,-49.69407514875622,351.9,2.8,338.1,340.9,0.6,2.2,891.4897924678967,223.90283663322404,667.5987964363757,-28.492787014298585,6.083281589368026,-28.492787014298585,6.083281589368026,1,175.0,12
-39.007217830494604,379.6,1.3940246297177055,379.9684757166756,381.3625003463933,38.59575329405291,380.2,-51.30532458665012,393.7,4.1,379.6,383.7,0.6,3.5,1215.017385444213,187.38272782854276,1027.6419237375208,-25.484024063338037,4.22541453543808,-25.484024063338037,4.22541453543808,2,175.0,12
-38.15226933329142,445.7,1.453112096210043,446.1113461151672,447.5644582113772,37.379097173194474,446.4,-51.46973779730859,461.9,4.2,445.7,449.9,0.7,3.5,1234.3466058511067,219.7265367767716,1014.6193937166936,-24.316694037425513,3.9623540011936216,-24.316694037425513,3.9623540011936216,3,175.0,12
-37.92209089393182,514.8,1.5109326697049255,515.2037343987329,516.7146670684378,35.73496725291773,515.5,-50.81208495769077,531.5,4.4,514.8,519.2,0.7,3.7,1250.3953657316629,219.66106116634094,1030.7436254224694,-23.050713089985457,3.666410386442987,-23.050713089985457,3.666410386442987,4,175.0,12
-36.47525501062846,590.8,1.5877805396418807,591.2138328146542,592.8016133542961,34.485428492382106,591.5,-50.25308005032974,606.2,4.5,590.8,595.3,0.7,3.8,1264.4186559216514,204.98114562719,1059.4392365297522,-21.455906726087267,3.699292989259945,-21.455906726087267,3.699292989259945,5,175.0,12
-36.17931131172752,662.7,1.6336157976966206,663.1090075937685,664.7426233914651,33.33453751244219,663.4,-50.28596269177888,680.1,4.8,662.7,667.5,0.7,4.1,1293.9601902567715,203.8091683570011,1090.151289793363,-20.56807597317693,3.386908255692518,-20.56807597317693,3.386908255692518,6,175.0,12
-36.21219394486342,734.7,1.6665359222652114,735.0580546749441,736.7245905972093,32.64400291692898,735.4,-49.92425363693942,751.2,4.8,734.7,739.5,0.7,4.1,1289.070691038774,235.19861684105564,1053.8650691825205,-19.532271440351398,3.3869081945773,-19.532271440351398,3.3869081945773,7,175.0,12
-36.17931131172752,807.0,1.7170583384942801,807.4329420598358,809.15000039833,31.92058571552193,807.8,-50.220197408900646,826.1,5.0,807.0,812.0,0.8,4.2,1322.599408584385,251.9132132966064,1070.6843162801388,-18.874622531731905,3.1402889233322915,-18.874622531731905,3.1402889233322915,8,175.0,12
-35.88336761435084,884.5,1.7969103964845998,884.8932861754835,886.690196571968,31.19716850783576,885.2,-49.20083553451593,901.1,5.0,884.5,889.5,0.7,4.3,1344.3861252170402,206.82170985059093,1137.5670362424926,-18.858179524911122,2.94299312756951,-18.858179524911122,2.94299312756951,9,175.0,12
-35.19283232638806,959.5,1.7963923233888637,959.9294701616855,961.7258624850743,30.506633894613866,960.3,-49.7269577898653,977.3,5.0,959.5,964.5,0.8,4.2,1314.0138105372896,245.6343594324818,1068.376739549509,-17.986791687062627,2.8114628738833396,-17.986791687062627,2.8114628738833396,10,175.0,12
-40.25675796498317,332.9,1.0021812059798776,333.24815917413144,334.2503403801113,40.502943935884225,333.5,-48.28012159992794,343.2,2.8,332.9,335.7,0.6,2.2,883.1319867336834,203.4118209872565,679.7337340211461,-26.56915615288277,6.231253700515955,-26.56915615288277,6.231253700515955,1,200.0,13
-38.34956513919726,365.3,1.4323552830982862,365.63966891720895,367.0720242003072,38.82593147716617,365.9,-50.48325854089435,379.3,4.1,365.3,369.4,0.6,3.5,1226.6204798606013,201.3900248491024,1025.2269245251018,-24.579756793097044,3.995236356509965,-24.579756793097044,3.995236356509965,2,200.0,13
-38.18515196756158,417.1,1.4651980501069375,417.4293145307315,418.89451258083847,37.41197977127996,417.7,-50.18731476749158,431.6,4.2,417.1,421.3,0.6,3.6,1240.7677772002698,205.26220380491858,1035.508836715032,-24.00431040976388,3.8637059543379237,-24.00431040976388,3.8637059543379237,3,200.0,13
-37.0342597793852,470.5,1.565860279991648,470.84562659850945,472.4114868785011,35.274610869589985,471.1,-49.92425363693942,484.6,4.4,470.5,474.9,0.6,3.8,1265.8889467316749,191.59545142258872,1074.2966757281815,-21.538115182372866,3.5348798919540947,-21.538115182372866,3.5348798919540947,4,200.0,13
-36.442372377341904,528.9,1.6115250702335289,529.2869368969617,530.8984619671953,34.38678069471542,529.6,-49.463896661551956,542.8,4.6,528.9,533.5,0.7,3.9,1277.512668069169,221.68232617750385,1055.8285700233523,-21.455905419020837,3.354025652672302,-21.455905419020837,3.354025652672302,5,200.0,13
-36.5410202772581,584.9,1.710195233081049,585.2749614404111,586.9851566734922,33.203007113734586,585.6,-49.20083553451593,599.4,4.8,584.9,589.7,0.7,4.1,1328.422794452613,226.42689856615945,1101.9947055005464,-20.32145486496942,3.2060539631405263,-20.32145486496942,3.2060539631405263,6,200.0,13
-36.24507657801814,643.9,1.7336481633099539,644.2672143597242,646.0008625230341,32.44670731716624,644.6,-49.29948345700485,659.5,4.9,643.9,648.8,0.7,4.2,1331.1359320928236,228.06550524064335,1103.0690978306302,-19.581595810741618,3.0087583486227754,-19.581595810741618,3.0087583486227754,7,200.0,13
-35.390128122104706,707.2,1.762997285997426,707.593782794569,709.3567800805665,31.19716850783576,707.9,-48.64183064379891,723.8,4.8,707.2,712.0,0.7,4.1,1293.4224417410112,204.84654803275012,1088.5721792279073,-19.006151251384402,3.107406154130558,-19.006151251384402,3.107406154130558,8,200.0,13
-35.291480224162044,769.2,1.8222271494635607,769.5709105856412,771.3931377351048,30.901225102874676,769.9,-48.28012159992794,785.1,5.0,769.2,774.2,0.7,4.3,1344.848604867642,217.40034024364795,1127.446012481345,-18.480028568939797,2.860786733713418,-18.480028568939797,2.860786733713418,9,200.0,13
-34.89688863407739,827.7,1.9272082594143285,828.0982823980409,830.0254906574552,29.94762967968204,828.4,-48.18147367928937,845.2,5.2,827.7,832.9,0.7,4.5,1374.8373431341895,203.48444771301607,1171.3592887677573,-17.690846919008354,2.5648434005160317,-17.690846919008354,2.5648434005160317,10,200.0,13
-34.46941441452559,890.0,2.0081674861228747,890.4102003241189,892.4183678102418,29.191329853431903,890.8,-48.67471328427008,907.8,5.4,890.0,895.4,0.8,4.6,1397.2220426512986,250.02580074802847,1147.1956890825786,-17.082518986273143,2.5155193992009472,-17.082518986273143,2.5155193992009472,11,200.0,13
-35.357245489438405,957.7,1.9301640272600706,958.1448364510976,960.0750004783577,29.98051228066539,958.5,-48.31300424018051,973.5,5.3,957.7,963.0,0.8,4.5,1382.0299492646682,233.62437415706188,1148.4061592967532,-16.96743125963604,2.6470496342788667,-16.96743125963604,2.6470496342788667,12,200.0,13
-39.63198789428874,328.1,0.9758263476383036,328.4161610544688,329.3919874021071,39.71376160635744,328.7,-47.49093823981683,337.1,2.7,328.1,330.8,0.6,2.1,841.8919306291502,227.11096203531253,614.7877906218623,-28.887377884943973,6.4614316702057035,-28.887377884943973,6.4614316702057035,1,225.0,14
-37.92209089393182,355.3,1.4564709569047865,355.61912466457073,357.07559562147554,38.52998809876615,355.9,-49.82560571331241,367.9,4.0,355.3,359.3,0.6,3.4,1215.5451741009954,215.569936308573,999.9668995540746,-25.204524946585067,3.9787948992372257,-25.204524946585067,3.9787948992372257,2,225.0,14
-38.08650406480808,396.7,1.4978489434242874,397.10681814213416,398.60466708555845,37.24756678072746,397.4,-48.872009127514936,410.3,4.4,396.7,401.1,0.7,3.7,1258.2259884092784,222.15948520373544,1036.0711831597873,-24.366017685219155,3.6828514874266745,-24.366017685219155,3.6828514874266745,3,225.0,14
-37.39596875031267,439.5,1.6100297300185047,439.92406162583876,441.53409135585724,35.50478906156417,440.2,-49.102187612206436,454.5,4.7,439.5,444.2,0.7,4.0,1316.977660068531,203.22619578854307,1113.7622763894215,-22.277972725796893,3.4855560031892026,-22.277972725796893,3.4855560031892026,4,225.0,14
-36.21219394486342,490.9,1.6055600948902793,491.254714250936,492.86027434582627,33.82777650576576,491.6,-48.34588688045292,505.6,4.6,490.9,495.5,0.7,3.9,1260.8392360612224,241.65725688837233,1019.1782454097677,-20.32145374787568,3.288260647748568,-20.32145374787568,3.288260647748568,5,225.0,14
-36.24507657801814,537.3,1.7483500869544515,537.6425594881123,539.3909095750666,32.87418111606475,538.0,-48.247238959695224,551.2,4.9,537.3,542.2,0.7,4.2,1338.7968753505077,247.45308294754977,1091.3397277907297,-19.334979597170562,3.074523563667009,-19.334979597170562,3.074523563667009,6,225.0,14
-35.390128122104706,586.4,1.8204695177884787,586.834076396215,588.6545459140035,31.953468315721885,587.2,-48.543182722504696,600.9,4.9,586.4,591.3,0.8,4.1,1338.9071024388713,247.72836827105738,1091.1813240137772,-18.54579627867865,2.910110535126666,-18.54579627867865,2.910110535126666,7,225.0,14
-35.45589338749355,638.6,1.7770484427912379,639.0290923451407,640.806140787932,31.328698909701647,639.4,-48.28012159992794,654.1,5.0,638.6,643.6,0.8,4.2,1324.164183228569,249.1273396859708,1075.0346680451908,-18.496472219310828,2.8114627406809625,-18.496472219310828,2.8114627406809625,8,225.0,14
-35.19283232638806,687.9,1.9308989776649468,688.3096186770981,690.240517654763,30.276455688924575,688.7,-47.75399935858545,704.3,5.2,687.9,693.1,0.8,4.4,1377.313298121649,256.9731602673156,1120.3386809120998,-18.03611481292774,2.6634910271112506,-18.03611481292774,2.6634910271112506,9,225.0,14
-34.995536531345806,741.4,1.960456277985304,741.8385637912754,743.7990200692607,29.816099275617187,742.2,-48.21435631948236,756.7,5.2,741.4,746.6,0.8,4.4,1379.659232502172,235.69046360167047,1143.9708678587604,-16.605722118978157,2.64704964206328,-16.605722118978157,2.64704964206328,10,225.0,14
-33.81176177522063,804.2,1.9726993579199188,804.6263010772839,806.5990004352037,28.50079522336333,805.0,-47.58958615920656,822.4,5.3,804.2,809.5,0.8,4.5,1352.2285621747349,234.3828752305906,1117.8437861186405,-16.24401284273421,2.53196062114392,-16.24401284273421,2.53196062114392,11,225.0,14
-34.17347072591548,873.0,1.8971230872894012,873.3836465760412,875.2807696633306,29.224212454718252,873.7,-47.62246879904273,887.0,5.1,873.0,878.1,0.7,4.4,1333.8719187517593,207.2647090785308,1126.6100592476787,-17.345578962610993,2.5977257845005237,-17.345578962610993,2.5977257845005237,12,225.0,14
-33.58158335322416,933.5,1.9830481326083826,933.9102856747916,935.8933338073999,28.106204003556122,934.3,-47.12922920357761,950.0,5.4,933.5,938.9,0.8,4.6,1352.3022983655155,241.86655279024768,1110.4354921200438,-16.42486670248867,2.4826367465022656,-16.42486670248867,2.4826367465022656,13,225.0,14
-32.98969598655766,992.8,2.163619716118956,993.1955913538875,995.3592110700065,27.744495383717084,993.6,-39.59910525918035,999.9,5.4,992.8,998.2,0.8,4.6,1392.1829238755008,246.4282494969188,1145.7481400264846,-15.652124739097447,2.3511062464634556,-15.652124739097447,2.3511062464634556,14,225.0,14
-40.585584320758386,322.3,0.955753677890425,322.6756489803846,323.6314026582751,40.20700056313976,322.9,-47.19499448271589,329.2,2.7,322.3,325.0,0.6,2.1,832.396220557994,180.25121354846573,652.1594111759902,-28.78872706805177,6.47787271862005,-28.78872706805177,6.47787271862005,1,250.0,15
-38.02073879640064,344.9,1.4826509399410952,345.2628622853488,346.74551322528987,37.576392761519905,345.5,-48.67471328427008,357.9,4.2,344.9,349.1,0.6,3.6,1236.114510923308,186.5817414875671,1049.5339345684206,-24.020747514996778,3.8472644187812577,-24.020747514996778,3.8472644187812577,2,250.0,15
-37.56038191967275,379.2,1.5499383181072972,379.54291922139714,381.09285753950445,36.72144520885501,379.8,-48.444534801389395,393.5,4.5,379.2,383.7,0.6,3.9,1282.9827643605481,198.71011461760983,1084.2691705665297,-22.672565284194953,3.551321175311287,-22.672565284194953,3.551321175311287,3,250.0,15
-37.428851384146846,419.6,1.6196140166975965,419.9921511213018,421.6117651379994,35.307493468481475,420.3,-48.31300424018051,433.7,4.7,419.6,424.3,0.7,4.0,1314.9843965829355,224.26122781532013,1090.724925199937,-22.557473232580257,3.3869082385830414,-22.557473232580257,3.3869082385830414,4,250.0,15
-36.93561187862004,458.7,1.7192067118046908,459.10210522145474,460.8213119332594,33.8935417046576,459.4,-47.885529918445144,473.3,4.9,458.7,463.6,0.7,4.2,1356.1890615221803,212.28959476551188,1143.905009534111,-21.20928664952878,3.1731714028767843,-21.20928664952878,3.1731714028767843,5,250.0,15
-35.357245489438405,501.7,1.81298035716718,502.03874422177205,503.85172457893924,32.44670731716624,502.4,-46.537341694886706,517.0,4.9,501.7,506.6,0.7,4.2,1345.8966328103425,244.6434749417569,1101.2458685753918,-19.154124941407815,2.7950215033474617,-19.154124941407815,2.7950215033474617,6,250.0,15
-35.19283232638806,542.4,1.886079998767127,542.8042713156019,544.6903513143691,31.65752491345505,543.1,-47.32652504122966,556.1,5.1,542.4,547.5,0.7,4.4,1378.4820050602964,206.20793606037176,1172.2709666584099,-18.80885586040688,2.597725887954291,-18.80885586040688,2.597725887954291,7,250.0,15
-35.06130179628498,583.0,1.952431102290393,583.3746527381752,585.3270838404655,30.966990304068492,583.7,-46.86616808781453,597.8,5.3,583.0,588.3,0.7,4.6,1403.2565110407136,214.46418562528402,1188.7912407783058,-18.24985037847108,2.630608364876487,-18.24985037847108,2.630608364876487,8,250.0,15
-34.27211862195093,628.0,1.9818785500440754,628.4289062130258,630.4107847630698,29.750334073505847,628.8,-46.57022433409076,643.4,5.3,628.0,633.3,0.8,4.5,1374.3102639884269,239.4333419938372,1134.8773877542749,-17.214050092512473,2.5319605876603504,-17.214050092512473,2.5319605876603504,9,250.0,15
-34.074822830047836,673.9,2.0818024115366827,674.3272890105751,676.4090914221117,29.45439066335309,674.7,-46.30716322100995,687.8,5.5,673.9,679.4,0.8,4.7,1435.2750593813794,238.18190910179527,1197.0901034496485,-16.786576008016915,2.2853409856697127,-16.786576008016915,2.2853409856697127,10,250.0,15
-33.54870072158478,719.4,2.125970228601909,719.7626666283129,721.8886368569148,28.73097343403498,720.1,-46.011219470300055,735.7,5.6,719.4,725.0,0.7,4.9,1436.6933513913646,209.34606820121556,1227.3380485533094,-16.227569427945838,2.1866933931443704,-16.227569427945838,2.1866933931443704,11,250.0,15
-33.2198744062131,767.0,2.227935027034164,767.4150887174688,769.643023744503,28.04043880006884,767.8,-46.011219470300055,784.5,5.6,767.0,772.6,0.8,4.8,1458.495764624912,236.84414441207468,1221.6516158661605,-15.734331876620853,2.1373692783782303,-15.734331876620853,2.1373692783782303,12,250.0,15
-33.186991774778086,812.4,2.1728287754242954,812.7771716772289,814.9500004526533,27.777377985587236,813.2,-46.34004586007611,830.3,5.4,812.4,817.8,0.8,4.6,1410.0059122835496,257.2749838992357,1152.7220288385574,-15.865861232469616,2.055162840459154,-15.865861232469616,2.055162840459154,13,250.0,15
-32.69375230547858,858.4,2.2695275546384437,858.790700175691,861.0602277303294,27.251256354063415,859.2,-46.175632664942135,876.1,5.6,858.4,864.0,0.8,4.8,1445.16210830292,245.36680941731507,1199.790508705582,-15.241091942680107,1.9729562777467944,-15.241091942680107,1.9729562777467944,14,250.0,15
-32.92393072396591,908.7,2.2982018309357954,909.0817986736853,911.3800005046211,27.053960741359905,909.5,-46.30716322100995,925.1,5.7,908.7,914.4,0.8,4.9,1458.3671448457853,250.78341315115216,1207.5750681993427,-15.273974359864638,1.9893976380765217,-15.273974359864638,1.9893976380765217,15,250.0,15
-33.680231248253875,959.5,2.332624017987109,959.959876503166,962.2925005211531,27.218373751979613,960.4,-46.208515303929566,975.4,5.9,959.5,965.4,0.9,5.0,1510.3370523765004,269.5215958154198,1240.8122519884193,-15.076678128182113,2.104486711429523,-15.076678128182113,2.104486711429523,16,250.0,15
-40.51981904944986,318.0,0.937262173948875,318.35830016895085,319.2955623428997,40.14123536906173,318.6,-45.550862527916124,324.1,2.6,318.0,320.6,0.6,2.0,816.6158034306847,194.15915543884697,622.4703650359968,-27.63783425013562,6.888905398327093,-27.63783425013562,6.888905398327093,1,275.0,16
-37.067142413011354,337.6,1.5665349307963425,337.94846543987245,339.5150003706688,36.12955843665414,338.2,-48.31300424018051,348.5,4.2,337.6,341.8,0.6,3.6,1234.0288237952568,191.45302225257626,1042.5724800414237,-21.784729262872887,3.4362320709701812,-21.784729262872887,3.4362320709701812,2,275.0,16
-38.18515196756158,366.3,1.620673948920512,366.66265981163644,368.28333376055696,36.26108883082912,367.0,-47.03058128501835,379.3,4.9,366.3,371.2,0.7,4.2,1356.8761635806427,250.9619405065647,1105.917236026647,-23.050710697954877,3.419790875999924,-23.050710697954877,3.419790875999924,3,275.0,16
-37.26443821516524,398.2,1.7534823460793632,398.5776656674512,400.33114801353054,34.748489285599014,398.9,-46.63598961255799,410.8,5.0,398.2,403.2,0.7,4.3,1392.411247422002,231.86734247701142,1160.5445009961961,-21.85049632359469,2.9594344834794004,-21.85049632359469,2.9594344834794004,4,275.0,16
-36.21219394486342,432.8,1.7870852594109237,433.17412209951533,434.9612073589263,33.203007113734586,433.5,-46.76752016972908,445.8,5.1,432.8,437.9,0.7,4.4,1390.742012513765,225.975090600839,1164.773354764368,-20.485867826025174,2.9429930939960656,-20.485867826025174,2.9429930939960656,5,275.0,16
-35.357245489438405,469.2,1.876124040338891,469.5493001197903,471.4254241601292,32.2494117169381,469.9,-46.30716322100995,482.9,5.2,469.2,474.4,0.7,4.5,1388.4702255391662,236.69907815726935,1151.7659295442859,-18.644440524037556,2.647049743140238,-18.644440524037556,2.647049743140238,6,275.0,16
-35.62030655129398,504.0,2.014122451492858,504.3692113706653,506.38333382215814,31.16428590733671,504.7,-46.701754891104095,517.4,5.3,504.0,509.3,0.7,4.6,1449.7921877232532,220.42201758000056,1229.3717465124791,-18.578676321667473,2.5484018378763515,-18.578676321667473,2.5484018378763515,7,275.0,16
-34.66671020777241,545.5,1.9721271931332012,545.931794834781,547.9039220279143,30.04627748259267,546.3,-46.504459055702355,559.9,5.3,545.5,550.8,0.8,4.5,1394.995166542401,239.76922490164094,1155.225262290242,-17.411345952070292,2.515519276055196,-17.411345952070292,2.515519276055196,8,275.0,16
-34.7324754723375,583.7,2.0341310922171942,584.0700360617125,586.1041671539297,29.914747078685544,584.4,-45.84680627614952,599.5,5.5,583.7,589.2,0.7,4.8,1436.666611037956,219.5139558283378,1217.1473664380144,-17.477108897778436,2.4826367134629095,-17.477108897778436,2.4826367134629095,9,275.0,16
-33.745996511700035,626.2,2.1256495371463644,626.6299065038811,628.7555560410275,28.73097343403498,627.0,-45.550862527916124,640.4,5.5,626.2,631.7,0.8,4.7,1426.5710303071062,232.14086629434325,1194.4271846747758,-16.128923789627038,2.170252046214589,-16.128923789627038,2.170252046214589,10,275.0,16
-33.48293545836181,665.7,2.2269702647562553,666.1030302608813,668.3300005256376,27.744495383717084,666.5,-44.66303129274421,680.2,5.8,665.7,671.5,0.8,5.0,1467.1857438392412,244.00750492458673,1223.18115098181,-15.602801068967874,2.120928032347969,-15.602801068967874,2.120928032347969,11,275.0,16
-32.72663493663548,705.0,2.4121340045635407,705.4523108851374,707.864444889701,27.053960741359905,705.8,-44.89320975975164,720.9,5.8,705.0,710.8,0.8,5.0,1505.8842384130123,214.63908286373334,1291.2413915490963,-14.583438660697777,1.8907498091639674,-14.583438660697777,1.8907498091639674,12,275.0,16
-32.98969598655766,747.0,2.384873962952315,747.4523060403426,749.8371800032949,26.88954773040543,747.8,-44.860327121549034,763.2,5.9,747.0,752.9,0.8,5.1,1510.7138089252312,215.20032477618312,1295.514384952578,-14.583438708561026,1.8085434297516683,-14.583438708561026,1.8085434297516683,13,275.0,16
-32.1676302094849,791.8,2.430655880510403,792.2379492217005,794.6686051022109,26.659369514506047,792.6,-45.32068405816689,808.4,5.8,791.8,797.6,0.8,5.0,1495.1239951898347,219.66281546173587,1275.4559038561172,-14.155966943386746,1.8249846077750238,-14.155966943386746,1.8249846077750238,14,275.0,16
-33.0554612492236,835.8,2.433427216705604,836.2522875412645,838.6857147579701,26.330543490651305,836.6,-45.45221461219163,852.4,6.1,835.8,841.9,0.8,5.3,1540.1087153366952,213.73509067047704,1326.377990943134,-14.221730040962296,1.8578672533178366,-14.221730040962296,1.8578672533178366,15,275.0,16
-32.496456518925996,881.9,2.4430618829053854,882.3210411748063,884.7641030577117,26.03460006803186,882.7,-44.99185767447682,898.6,6.0,881.9,887.9,0.8,5.2,1514.9205196542525,222.6470355471859,1292.275559028661,-14.188849175464421,1.9236324517052603,-14.188849175464421,1.9236324517052603,16,275.0,16
-31.345564443958228,930.8,2.4863452617317305,931.2258503011584,933.7121955628902,25.40983061669191,931.6,-44.926092397973804,949.5,5.9,930.8,936.7,0.8,5.1,1473.3595615114239,219.02895834857202,1254.326315605702,-13.432549023632108,1.627689059882524,-13.432549023632108,1.627689059882524,17,275.0,16
-31.608625487673237,975.2,2.429403157940942,975.6280973062248,978.0575004641657,25.935952260249532,976.0,-44.63014865467849,990.9,5.9,975.2,981.1,0.8,5.1,1473.9487002120886,220.77653456728126,1253.1705037558208,-13.7942578730697,1.8085433396318162,-13.7942578730697,1.8085433396318162,18,275.0,16
-40.026579517081196,316.7,0.9409240751691413,317.07733960934826,318.01826368451736,40.04258757785268,317.3,-46.011219470300055,323.6,2.6,316.7,319.3,0.6,2.0,806.6035182144848,185.05000324693802,621.5706761755933,-28.60787278313162,6.6258444347137555,-28.60787278313162,6.6258444347137555,1,300.0,17
-37.75767772352978,336.1,1.5356468348748422,336.5189588321771,338.05460566705193,36.72144520885501,336.8,-47.58958615920656,346.9,4.3,336.1,340.4,0.7,3.6,1248.583500271674,210.96155984226965,1037.6235938709453,-23.527511725317055,3.6664102004260375,-23.527511725317055,3.6664102004260375,2,300.0,17
-37.461734017999916,362.6,1.6276827152092666,362.9358891408843,364.5635718560935,36.03091064089049,363.2,-46.24139794293668,374.6,4.7,362.6,367.3,0.6,4.1,1320.4118602450808,201.94204059664668,1118.4703617706775,-22.409503922500516,3.3047016512343728,-22.409503922500516,3.3047016512343728,3,300.0,17
-36.11354604551216,391.3,1.763811968030177,391.66743845904665,393.43125042707686,34.05795470166317,392.0,-45.32068405816689,404.1,4.8,391.3,396.1,0.7,4.1,1348.7479246858852,232.74054961319393,1116.0023354184575,-20.946223941218012,2.8936691745931356,-20.946223941218012,2.8936691745931356,4,300.0,17
-35.784719715563654,423.5,1.9124110742067386,423.927244544938,425.83965561914476,32.41382471716056,424.3,-45.254918781272146,436.6,5.3,423.5,428.8,0.8,4.5,1423.9534872310053,256.2482271563773,1167.7071081793788,-19.20344828456156,2.5977256797321413,-19.20344828456156,2.5977256797321413,5,300.0,17
-34.66671020777241,456.8,2.0100580848045864,457.16635746657596,459.1764155513805,31.262933708794762,457.5,-45.81392363737836,471.0,5.1,456.8,461.9,0.7,4.4,1414.6696781242763,219.14936015041707,1195.5143644374584,-18.299173881378408,2.367547640590515,-18.299173881378408,2.367547640590515,6,300.0,17
-34.337883886067836,488.4,2.040854311826479,488.7668384504932,490.8076927623197,30.769694700330284,489.1,-45.189153504455795,501.8,5.4,488.4,493.8,0.7,4.7,1424.7816472342274,216.23425426479068,1208.5409974440436,-18.00323042496794,2.43331272721208,-18.00323042496794,2.43331272721208,7,300.0,17
-33.77887914345102,523.2,2.157538109637153,523.5728971571998,525.7304352668369,29.355742859731613,523.9,-45.715275721182756,537.9,5.4,523.2,528.6,0.7,4.7,1443.7188169529936,212.27539648695034,1231.4383958363637,-16.934545876344874,2.2195757320385443,-16.934545876344874,2.2195757320385443,8,300.0,17
-33.745996511700035,561.0,2.1285064227285146,561.3685528372396,563.4970592599681,29.355742859731613,561.7,-45.287801419709716,576.5,5.4,561.0,566.4,0.7,4.7,1434.4469982832998,214.83595661103993,1219.610453608728,-16.88522180051337,2.203134553224256,-16.88522180051337,2.203134553224256,9,300.0,17
-33.15410914336163,597.3,2.2086513018519325,597.6835713873404,599.8922226891924,28.106204003556122,598.1,-44.860327121549034,611.7,5.5,597.3,602.8,0.8,4.7,1434.9420757477533,255.08369327619803,1179.861081649231,-16.03027443334167,2.0387216236002255,-16.03027443334167,2.0387216236002255,10,300.0,17
-32.56222178103616,635.1,2.2520376879248034,635.5104627367222,637.762500424647,27.81026058744406,635.9,-44.235556999413525,649.6,5.5,635.1,640.6,0.8,4.7,1436.1324923529535,236.0258126137822,1200.1004254777129,-15.487712037967343,1.8578671360909382,-15.487712037967343,1.8578671360909382,11,300.0,17
-32.266278102123124,674.7,2.3765914426317067,675.0934090470461,677.4700004896778,26.856665128174324,675.5,-44.00537853514,690.2,5.8,674.7,680.5,0.8,5.0,1484.0683318317754,240.28333529679713,1243.7789902799036,-14.764294100419189,1.8743085902405472,-14.764294100419189,1.8743085902405472,12,300.0,17
-32.85816546144831,714.9,2.358662441591423,715.3699094596146,717.728571901206,26.59360430984259,715.8,-44.367087550856134,728.6,5.9,714.9,720.8,0.9,5.0,1494.3398455007082,256.6964279173243,1237.6452091725996,-14.287495672144665,1.7756606477033223,-14.287495672144665,1.7756606477033223,13,300.0,17
-31.477094965668417,753.6,2.5272692279328113,754.0539812247952,756.581250452728,25.311182808139538,754.5,-43.38060842263728,769.9,5.9,753.6,759.5,0.9,5.0,1484.7460216497484,254.21308112534257,1230.5285801063405,-13.301016940368001,1.4961586393381143,-13.301016940368001,1.4961586393381143,14,300.0,17
-31.707273379370314,794.6,2.528136766344505,795.0111493841715,797.539286150516,25.40983061669191,795.4,-43.34772578533167,809.6,6.0,794.6,800.6,0.8,5.2,1507.5309029871833,228.61389877016416,1278.919442452951,-13.547637847983065,1.693454228638184,-13.547637847983065,1.693454228638184,15,300.0,17
-30.98385551077294,834.3,2.5879934846207107,834.693256953464,837.2812504380847,24.883708969670042,835.1,-44.53150074059861,851.5,5.9,834.3,840.2,0.8,5.1,1491.3293021725672,226.8542964661495,1264.4659041988866,-13.153046056520353,1.4468346536002112,-13.153046056520353,1.4468346536002112,16,300.0,17
-30.720794469852862,879.2,2.4407158032932785,879.6019675520932,882.0426833553865,25.278300205261665,880.0,-44.46573546464303,895.0,5.6,879.2,884.8,0.8,4.8,1413.7142416758747,223.22826375047487,1190.4824541798873,-13.728491940507702,1.6605717059725356,-13.728491940507702,1.6605717059725356,17,300.0,17
-31.93745179397548,921.8,2.505368597132656,922.2543879507205,924.759756547853,25.376948013854655,922.7,-43.80808270937996,938.5,5.9,921.8,927.7,0.9,5.0,1489.0708955335665,256.1059789498008,1232.967863605182,-13.39966483022329,1.6276890741943948,-13.39966483022329,1.6276890741943948,18,300.0,17
-30.655029209806393,967.1,2.567941647990119,967.5095587821792,970.0775004301693,24.719295954263444,968.0,-43.97249589746461,981.9,5.8,967.1,972.9,0.9,4.9,1462.202874103048,271.6463695495848,1190.5490773935849,-12.873544160776582,1.5454824995774903,-12.873544160776582,1.5454824995774903,19,300.0,17
-40.35540587151435,392.2,1.1017221979006535,392.5341559417665,393.63587813966717,40.864652501226075,392.8,-55.61295087297723,433.4,3.3,392.2,395.5,0.6,2.7,1005.5393841586524,217.88872089773216,787.6531266751658,-28.19684441589422,5.606484009818423,-28.19684441589422,5.606484009818423,1,150.0,28
-40.09234478781454,596.0,1.2657212112276284,596.3603208232198,597.6260420344474,39.87817459225869,596.6,-55.58006822824664,647.2,4.0,596.0,600.0,0.6,3.4,1161.7744355382792,191.897673829705,969.8806529183091,-26.338971279687023,4.883066762939539,-26.338971279687023,4.883066762939539,2,150.0,28
-38.6783914838943,825.5,1.3441398010627381,825.867399015948,827.2115388170107,37.77368834939577,826.1,-54.85665004935083,859.9,4.1,825.5,829.6,0.6,3.5,1176.0091482508283,186.0698979577905,989.9419960480345,-24.87569574266196,4.439151763877155,-24.87569574266196,4.439151763877155,3,150.0,28
-40.61846695644144,364.4,1.028711033487434,364.7348308878349,365.76354192132237,41.0290654849839,365.0,-53.639992225300226,391.0,3.0,364.4,367.4,0.6,2.4,935.0914942514012,218.38257136799004,716.7242134943754,-28.62431855017225,6.033957573977871,-28.62431855017225,6.033957573977871,1,175.0,29
-39.401809448931225,479.6,1.261961472729854,479.9600976878308,481.22205916056066,39.54934862014857,480.2,-53.40981372118052,497.4,3.9,479.6,483.5,0.6,3.3,1139.197566835868,189.58338620233306,949.6119284967779,-25.944379895082967,4.800860240599727,-25.944379895082967,4.800860240599727,2,175.0,29
-38.97433519574884,603.0,1.3246794761431375,603.3452133469971,604.6698928231402,37.70792315348706,603.6,-52.94945671592377,634.5,4.1,603.0,607.1,0.6,3.5,1165.0326903616851,196.33533283580823,968.7009231738801,-23.856339880580755,4.422710350684477,-23.856339880580755,4.422710350684477,3,175.0,29
-37.95497352806913,739.1,1.410003194732326,739.4997194522342,740.9097226469665,36.29397142934135,739.8,-52.65351292892727,773.0,4.5,739.1,743.6,0.7,3.8,1225.3657207704662,224.7669918261373,1000.6026082102888,-23.938543362628714,4.011677659232719,-23.938543362628714,4.011677659232719,4,175.0,29
-37.330203482701116,888.5,1.5101882873914292,888.8325657553016,890.3427540426931,34.84713708284522,889.1,-52.88369142978282,915.0,4.4,888.5,892.9,0.6,3.8,1230.1833192719644,194.42219884285598,1035.7569342606196,-22.031353700206722,3.7486169313930002,-22.031353700206722,3.7486169313930002,5,175.0,29
-40.55270168509452,346.2,0.9989685361936609,346.553809495173,347.5527780313667,40.930417694765794,346.8,-51.765681577762294,364.5,2.9,346.2,349.1,0.6,2.3,893.1821590963757,200.99391292621328,692.2016390632589,-27.950218517561453,6.181929292085053,-27.950218517561453,6.181929292085053,1,200.0,30
-39.56622262409106,410.1,1.262023895641414,410.4692895844455,411.7313134800869,39.54934862014857,410.7,-52.489099714637476,430.8,3.9,410.1,414.0,0.6,3.3,1135.8658515208706,182.49945669661184,953.3739049436772,-26.799328493523227,4.702212403638997,-26.799328493523227,4.702212403638997,2,200.0,30
-38.54686094578725,500.7,1.3303508667378992,501.021334887458,502.35168575419596,37.675040555513995,501.3,-52.061625359848584,520.1,4.0,500.7,504.7,0.6,3.4,1156.7709047185474,213.80055598531686,942.9708348156496,-25.0894361984662,4.324062343857866,-25.0894361984662,4.324062343857866,3,200.0,30
-37.65902982151601,598.8,1.390763778564451,599.1974718684016,600.588235646966,35.86649764769862,599.5,-51.60126836619771,618.7,4.3,598.8,603.1,0.7,3.6,1179.2889773364925,224.27195134780737,955.020564581911,-23.790571475682924,4.159649595149071,-23.790571475682924,4.159649595149071,4,200.0,30
-37.79056035757227,701.4,1.4548651519406122,701.7423574793081,703.1972226312488,34.94578487997693,702.0,-51.04226345064249,721.5,4.4,701.4,705.8,0.6,3.8,1219.0844832559114,188.32967181780933,1030.7606950232034,-21.801176090812206,3.9130301405383676,-21.801176090812206,3.9130301405383676,5,200.0,30
-36.77119871105572,801.3,1.5009641230878514,801.6321132252061,803.1330773482939,33.69624610782835,801.9,-51.33820722874158,826.5,4.5,801.3,805.8,0.6,3.9,1217.4247702314237,190.20145707257387,1027.2142178383106,-21.09419910688529,3.6664104655923353,-21.09419910688529,3.6664104655923353,6,200.0,30
-36.7054334441621,914.0,1.5790807535491695,914.394648519736,915.9737292732852,33.03859411506064,914.7,-50.94361552497125,935.5,4.7,914.0,918.7,0.7,4.0,1246.0952693851991,214.9227316730481,1031.1680984168538,-20.94622543516318,3.6170864547919415,-20.94622543516318,3.6170864547919415,7,200.0,30
-40.68423222786514,335.1,0.9556385423294159,335.43788019953837,336.39351874186775,40.23988316016038,335.7,-49.102187612206436,348.8,2.7,335.1,337.8,0.6,2.1,848.1012440116447,214.0389365631648,634.0756445621057,-28.427023235093674,6.592962047482709,-28.427023235093674,6.592962047482709,1,225.0,31
-39.20451363936951,376.2,1.352261408884442,376.5611110789585,377.91337248784293,39.220522646806586,376.8,-51.8314468625292,389.9,4.0,376.2,380.2,0.6,3.4,1186.9169627857354,187.4255259310553,999.4994138143423,-25.812849544225543,4.373386337395569,-25.812849544225543,4.373386337395569,2,225.0,31
-38.6783914838943,440.1,1.340331649221389,440.41619044038396,441.75652208960537,37.675040555513995,440.7,-51.56838572394522,455.7,4.0,440.1,444.1,0.6,3.4,1169.70415666904,218.08298510610828,951.6260989372064,-25.549792485710498,4.274738682471877,-25.549792485710498,4.274738682471877,3,225.0,31
-37.75767772352978,518.7,1.4067304685539057,519.052198459553,520.4589289281068,35.73496725291773,519.3,-50.4174932577757,535.3,4.3,518.7,523.0,0.6,3.7,1187.28726883514,190.26793181309415,997.0220772415648,-22.425940513055522,4.093884262322494,-22.425940513055522,4.093884262322494,4,225.0,31
-37.10002504665643,593.5,1.467830203842368,593.8828368415714,595.3506670454137,34.38678069471542,594.2,-50.94361552497125,610.0,4.5,593.5,598.0,0.7,3.8,1209.135641282628,227.44551838366274,981.6898430909553,-22.491707587410367,3.847264703220068,-22.491707587410367,3.847264703220068,5,225.0,31
-36.90272924506942,672.6,1.546338858069248,672.9443758236196,674.4907146816888,33.63048090878273,673.2,-50.48325854089435,690.6,4.5,672.6,677.1,0.6,3.9,1232.7889257799186,188.49100110568918,1044.2968414674513,-20.56807796894052,3.551321455082543,-20.56807796894052,3.551321455082543,6,225.0,31
-35.98201551330716,754.3,1.6039494059472417,754.6929260038617,756.2968754098089,32.61112031700082,755.0,-50.25308005032974,770.4,4.6,754.3,758.9,0.7,3.9,1239.6435037284896,211.89844001611885,1027.7413458180642,-20.633840500109095,3.370466908869954,-20.633840500109095,3.370466908869954,7,225.0,31
-35.65318918411036,831.0,1.6250336432392942,831.3683001173334,832.9933337605728,32.150763916649304,831.7,-50.48325854089435,847.3,4.7,831.0,835.7,0.7,4.0,1230.1928014618059,225.07067793896752,1005.1171649093525,-19.99262846801634,3.3047017648346166,-19.99262846801634,3.3047017648346166,8,225.0,31
-35.09418442878267,925.7,1.6742802440650848,926.0515822438296,927.7258624878947,30.868342502258177,926.4,-49.49677930252124,949.2,4.9,925.7,930.6,0.7,4.2,1240.6297932419989,230.26746481196326,1010.3530493915571,-18.430703826251765,3.2553779069121145,-18.430703826251765,3.2553779069121145,9,225.0,31
-41.27611967413806,329.5,0.9288378781116989,329.866538060247,330.7953759383587,40.930417694765794,330.1,-48.83912648692438,339.5,2.7,329.5,332.2,0.6,2.1,832.9674475344482,191.29749943020963,641.6787539116364,-29.429937224922277,6.921787947286553,-29.429937224922277,6.921787947286553,1,250.0,32
-39.46757471893785,362.3,1.3758411581161454,362.69334528417676,364.0691864422929,39.02322706220892,363.0,-51.173794018485474,377.0,4.1,362.3,366.4,0.7,3.4,1202.13630754625,241.85021061708375,960.2937152397427,-27.243245513421606,4.208973234609468,-27.243245513421606,4.208973234609468,2,250.0,32
-38.34956513919726,416.0,1.3621319845624384,416.3433562112098,417.70548819577226,37.77368834939577,416.6,-50.48325854089435,429.8,4.1,416.0,420.1,0.6,3.5,1179.2622910316466,196.0638127009412,983.2028785441173,-24.086517938126065,4.176090767485139,-24.086517938126065,4.176090767485139,3,250.0,32
-37.82344299163371,474.4,1.4681809805330885,474.77655625507003,476.2447372356031,35.57055425915704,475.1,-50.220197408900646,489.2,4.4,474.4,478.8,0.7,3.7,1217.5465807981718,237.76161333261,979.7839409109939,-23.428861625577774,3.8143822218136547,-23.428861625577774,3.8143822218136547,4,250.0,32
-37.52749928576288,528.4,1.5155152514082146,528.7844851517685,530.3000004031767,34.68272408737123,529.1,-50.28596269177888,544.1,4.6,528.4,533.0,0.7,3.9,1252.4439466478757,228.4152927050386,1024.0275844362964,-22.738327293726385,3.6006451248160065,-22.738327293726385,3.6006451248160065,5,250.0,32
-37.198672947705006,591.5,1.5741240431125334,591.9173049272803,593.4914289703928,33.5647157096858,592.2,-49.62830986659801,608.6,4.8,591.5,596.3,0.7,4.1,1281.4380612104885,202.5452827011753,1078.8934486733704,-21.455907143912185,3.567762644271374,-21.455907143912185,3.567762644271374,6,250.0,32
-36.86984661153768,644.6,1.6089900668777772,644.9885513612479,646.5975414281257,32.80841591637617,645.3,-49.102187612206436,659.0,4.9,644.6,649.5,0.7,4.2,1290.5031860137774,218.06128259010495,1072.4480129733101,-21.028431766337373,3.304701698105477,-21.028431766337373,3.304701698105477,7,250.0,32
-35.65318918411036,706.4,1.6682010382660337,706.8014422676031,708.4696433058691,31.427346710964294,707.1,-48.444534801389395,723.1,5.0,706.4,711.4,0.7,4.3,1279.3472574304153,202.49644343589975,1076.8483529773027,-19.72956904602691,3.17317141370817,-19.72956904602691,3.17317141370817,8,250.0,32
-35.916250247317485,768.3,1.7432215373914914,768.6822334623736,770.4254549997651,30.901225102874676,769.0,-48.64183064379891,786.4,5.2,768.3,773.5,0.7,4.5,1325.6373680058236,213.17432187868107,1112.4638883642217,-19.2034465464631,2.9429931990514566,-19.2034465464631,2.9429931990514566,9,250.0,32
-35.09418442878267,838.0,1.8299785649396654,838.397472881594,840.2274514465337,30.079160083536603,838.7,-48.41165216105738,855.5,5.3,838.0,843.3,0.7,4.6,1329.3292034332017,198.89683699600582,1130.4286108241502,-18.710207950913723,2.8443452711879456,-18.710207950913723,2.8443452711879456,10,250.0,32
-34.6338275755179,904.5,1.839627514357926,904.9246586666184,906.7642861809763,29.25709505599139,905.3,-47.984177838548035,923.2,5.2,904.5,909.7,0.8,4.4,1309.7350491388347,242.6702005140914,1067.064562280275,-17.4935522501967,2.778580036934617,-17.4935522501967,2.778580036934617,11,250.0,32
-34.46941441452559,971.0,1.8644215459637052,971.3615789105916,973.2260004565553,29.388625460951967,971.7,-48.37876952074522,991.4,5.2,971.0,976.2,0.7,4.5,1309.324845383289,216.4774723067659,1092.8390141402458,-17.460667324108485,2.7621387878144184,-17.460667324108485,2.7621387878144184,12,250.0,32
-40.947293314328384,326.5,0.9098571717752293,326.8665066880192,327.7763638597944,40.864652501226075,327.1,-48.57606536291622,335.4,2.6,326.5,329.1,0.6,2.0,809.3722482894611,190.2117459867526,619.1751038846188,-29.44637851066519,7.003994534844923,-29.44637851066519,7.003994534844923,1,275.0,33
-39.20451363936951,354.5,1.3806145467221995,354.8597267444783,356.2403412912005,38.82593147716617,355.1,-50.31884533324803,367.1,4.1,354.5,358.6,0.6,3.5,1199.8611112132214,187.43155107876595,1012.4357652758841,-25.763525609329754,4.110325309187218,-25.763525609329754,4.110325309187218,2,275.0,33
-38.645508849338995,399.4,1.387720894408585,399.7389461305878,401.1266670249964,37.70792315348706,400.0,-49.79272307214339,413.3,4.1,399.4,403.5,0.6,3.5,1185.3322710146153,200.26773496304705,985.0685594642703,-24.43178516237608,4.176090767485139,-24.43178516237608,4.176090767485139,3,275.0,33
-37.10002504665643,450.2,1.4934595453499242,450.53654084774587,452.0300003930958,35.86649764769862,450.8,-49.95713627818842,466.5,4.3,450.2,454.5,0.6,3.7,1216.2532163056799,192.99293310936383,1023.259121537677,-22.738330103378573,3.9130297521273434,-22.738330103378573,3.9130297521273434,4,275.0,33
-37.330203482701116,503.2,1.5129156659795626,503.6142276050823,505.12714327106187,34.88001968190184,503.9,-49.23371817532563,516.8,4.6,503.2,507.8,0.7,3.9,1243.9643861460256,208.90538933668662,1035.0659630008274,-22.59035705298534,3.6828517516987755,-22.59035705298534,3.6828517516987755,5,275.0,33
-36.573902910601184,553.8,1.6344656631966246,554.1526315449039,555.7870972081005,32.87418111606475,554.5,-49.167952893726174,568.6,4.7,553.8,558.5,0.7,4.0,1283.3907423947428,242.18610789111924,1041.2070265739378,-20.420101620340766,3.2882605583976376,-20.420101620340766,3.2882605583976376,6,275.0,33
-35.88336761435084,605.6,1.6790795898472424,605.9635134786661,607.6425930685133,31.98635091590887,606.3,-48.64183064379891,621.0,4.8,605.6,610.4,0.7,4.1,1276.4913783268992,228.90355713874314,1047.5830198104316,-20.12415872225035,3.304701887446778,-20.12415872225035,3.304701887446778,7,275.0,33
-35.949132880302926,660.7,1.7289999078861,661.0942148345572,662.8232147424433,31.723290114049696,661.4,-48.28012159992794,674.6,5.0,660.7,665.7,0.7,4.3,1306.2080566566196,208.04177039578383,1098.1657001427775,-20.140601472498922,2.959434465799454,-20.140601472498922,2.959434465799454,8,275.0,33
-35.81760234847392,714.4,1.8188258940162085,714.8151368379395,716.6339627319556,30.73681209966152,715.1,-47.91841255845962,729.2,5.3,714.4,719.7,0.7,4.6,1351.0912111938003,198.8469917655006,1152.2484876597116,-19.039034862166144,2.8279039340508056,-19.039034862166144,2.8279039340508056,9,275.0,33
-34.009057566229274,773.5,1.8857050038958731,773.8542954973714,775.7400005012672,29.52015586570148,774.2,-47.425172960322605,790.4,5.2,773.5,778.7,0.7,4.5,1326.697536378228,219.69916857672968,1106.9881386355282,-17.345577850595745,2.7128148780135124,-17.345577850595745,2.7128148780135124,10,275.0,33
-34.66671020777241,836.5,1.8574878797595376,836.9327086519464,838.790196531706,29.585921067997155,837.3,-47.786881998520634,853.4,5.2,836.5,841.7,0.8,4.4,1330.0151868772473,238.2951255870039,1091.7251551649294,-17.27981554105498,2.6963735117270566,-17.27981554105498,2.6963735117270566,11,275.0,33
-33.91040967064115,892.0,1.930326244056232,892.353716778512,894.2840430225682,28.86250383984156,892.7,-47.32652504122966,910.6,5.3,892.0,897.3,0.7,4.6,1330.2361676694209,217.6106607529323,1112.6154814857493,-16.901662659487343,2.6306083960735993,-16.901662659487343,2.6306083960735993,12,275.0,33
-34.14058809394096,952.6,1.9039949220818015,952.9684545081961,954.872449430278,28.632325629540954,953.3,-47.32652504122966,969.3,5.3,952.6,957.9,0.7,4.6,1328.9774994399854,208.67055012821646,1120.3007969926093,-17.246930652643695,2.630608374884826,-17.246930652643695,2.630608374884826,13,275.0,33
-41.80224185383985,321.7,0.8848215456775052,322.0688099499136,322.95363149559114,40.930417694765794,322.3,-47.91841255845962,329.2,2.6,321.7,324.3,0.6,2.0,796.1430545871726,190.3816465902927,605.7737720820663,-29.890294085413668,7.365703249974273,-29.890294085413668,7.365703249974273,1,300.0,34
-37.8892082598135,346.3,1.3941173803672882,346.6194124085745,348.01352978894175,38.36557511033204,346.9,-49.66119250766714,357.1,3.9,346.3,350.2,0.6,3.3,1158.7563762958023,215.41522640898748,943.3359813594584,-26.010149064755893,4.159649112272023,-26.010149064755893,4.159649112272023,2,300.0,34
-38.711274118468644,383.7,1.439546494423621,384.10130755661964,385.5408540510433,37.543510163496904,384.4,-48.41165216105738,396.9,4.4,383.7,388.1,0.7,3.7,1241.4345706203694,229.4277378420325,1012.0110605456032,-25.73064587751755,3.880147019091572,-25.73064587751755,3.880147019091572,3,300.0,34
-37.9878561622254,422.0,1.5454572116141208,422.3943982993193,423.9398555109334,35.83361504902236,422.7,-48.37876952074522,436.1,4.8,422.0,426.8,0.7,4.1,1298.7187605117992,226.63742004987876,1072.0868013697911,-23.889219217577384,3.6828517516987755,-23.889219217577384,3.6828517516987755,4,300.0,34
-36.804081344530836,464.1,1.5925650660874453,464.4627383858486,466.055303451936,33.926424304084314,464.8,-48.148591039116205,477.5,4.7,464.1,468.8,0.7,4.0,1263.6978461596386,238.79732649647713,1024.9034137081676,-21.735406470700653,3.4033496568556805,-21.735406470700653,3.4033496568556805,5,300.0,34
-36.2779592111917,506.4,1.6992387792345653,506.7335203028263,508.4327590820609,33.03859411506064,507.0,-47.26075976193324,522.3,4.9,506.4,511.3,0.6,4.3,1315.1965964577973,192.64349548827803,1122.5493500456143,-20.73249040295414,3.058082104019933,-20.73249040295414,3.058082104019933,6,300.0,34
-35.488776020216115,549.8,1.73035249859513,550.1313145894258,551.8616670880209,31.85482051508311,550.4,-47.03058128501835,565.0,4.9,549.8,554.7,0.6,4.3,1302.3723234292686,188.51110693717033,1113.8572719217634,-19.877542227729034,3.0580822191031416,-19.877542227729034,3.0580822191031416,7,300.0,34
-34.66671020777241,593.8,1.8740699298306027,594.1561388990192,596.0302088288498,30.605281696855656,594.5,-47.885529918445144,608.7,5.0,593.8,598.8,0.7,4.3,1331.3665173766162,224.73577322183115,1106.624833258109,-18.430703988756072,2.663490948111553,-18.430703988756072,2.663490948111553,8,300.0,34
-35.225714958960644,644.1,1.8467584387196438,644.4728498778348,646.3196083165545,30.47375129384042,644.8,-47.16211184313687,658.1,5.3,644.1,649.4,0.7,4.6,1360.9743451777008,215.1659145226177,1145.8039467206381,-18.710206951129507,2.712814864277192,-18.710206951129507,2.712814864277192,9,300.0,34
-35.09418442878267,693.2,1.9479080661725674,693.6210924001227,695.5690004662953,29.388625460951967,694.0,-47.16211184313687,708.1,5.4,693.2,698.6,0.8,4.6,1383.5645437181956,246.82774039294762,1136.7367925841113,-18.01967406473519,2.548401964929683,-18.01967406473519,2.548401964929683,10,300.0,34
-34.92977126648148,737.6,1.9250888819053216,737.9749116224133,739.9000005043187,29.388625460951967,738.3,-45.74815835989499,753.5,5.5,737.6,743.1,0.7,4.8,1372.2529296491537,209.481874488707,1162.766977875427,-18.003230976948153,2.4990780092564346,-18.003230976948153,2.4990780092564346,11,300.0,34
-33.48293545836181,790.6,2.065036056914323,791.0302025420445,793.0952385989589,27.941790994738113,791.4,-46.14275002597438,809.1,5.5,790.6,796.1,0.8,4.7,1374.607563055451,229.3237531205709,1145.2814210393167,-16.194689072754695,2.3839888614348155,-16.194689072754695,2.3839888614348155,12,300.0,34
-33.87752703881569,842.4,2.0356816570501906,842.829212417509,844.8648940745592,28.04043880006884,843.2,-46.24139794293668,859.3,5.5,842.4,847.9,0.8,4.7,1376.023968237807,231.64519864057877,1144.3782629986222,-16.342660864257013,2.30178247327581,-16.342660864257013,2.30178247327581,13,300.0,34
-33.35140493213885,895.7,2.085213737261074,896.0722867838346,898.1575005210956,27.61296497610313,896.4,-45.61662780516389,913.2,5.6,895.7,901.3,0.7,4.9,1394.9420899862673,200.11679228428144,1194.8154829784523,-16.42486550962755,2.2195759356126654,-16.42486550962755,2.2195759356126654,14,300.0,34
-33.02257861788136,940.7,2.194618680309395,941.074699961802,943.2693186421114,27.053960741359905,941.4,-46.10986738702629,957.4,5.5,940.7,946.2,0.7,4.8,1399.111392244442,201.83362685499054,1197.2684726521666,-16.01383296195059,1.9565150526614286,-16.01383296195059,1.9565150526614286,15,300.0,34
-32.39780862589953,992.3,2.1678205577185508,992.6677354342377,994.8355559919562,26.790899923671894,993.0,-40.2896406004744,999.9,5.5,992.3,997.8,0.7,4.8,1361.889227135294,196.73381608094022,1165.1454345408445,-15.602800074628126,2.0880454085516913,-15.602800074628126,2.0880454085516913,16,300.0,34
-40.65134959214368,493.9,1.1411976981056795,494.2906610337417,495.4318587318474,40.96330029151737,494.5,-58.24356251803994,542.5,3.6,493.9,497.5,0.6,3.0,1053.680445381503,171.5859312263049,882.0975588965543,-30.268445792576273,5.392746833037762,-30.268445792576273,5.392746833037762,1,150.0,45
-41.34188494633095,378.9,1.0090001011965797,379.2913598816689,380.3003599828655,41.1605958717707,379.5,-55.48142029417774,417.5,3.1,378.9,382.0,0.6,2.5,927.2567038370962,172.77163790280832,754.4975767668508,-31.12339392900396,6.066840504242037,-31.12339392900396,6.066840504242037,1,175.0,46
-40.51981904944986,572.4,1.1626407054690389,572.7086095894267,573.8712502948958,39.483583425578814,573.0,-55.05394591534093,616.1,3.7,572.4,576.1,0.6,3.1,1060.7011346939655,235.48084322929552,825.2189103913047,-29.101114476988485,5.2447751049218425,-29.101114476988485,5.2447751049218425,2,175.0,46
-39.50045735396982,814.1,1.2082799041439103,814.4379108921241,815.6461907962681,38.46422290342974,814.7,-55.152593848611865,854.0,3.9,814.1,818.0,0.6,3.3,1091.3269541389548,206.0163366076474,885.3096694775144,-25.99370949850541,5.113244921285759,-25.99370949850541,5.113244921285759,3,175.0,46
-41.63782867215281,360.3,0.9542486145342991,360.67987326160943,361.6341218761437,40.996182888256726,360.9,-53.60710958179363,378.2,2.9,360.3,363.2,0.6,2.3,871.7078946209181,181.74237533128075,689.979486973243,-30.87677345423829,6.560079753678654,-30.87677345423829,6.560079753678654,1,200.0,47
-40.48693641382438,480.8,1.1414106092767724,481.17602090944257,482.31743151871933,39.68087900914028,481.4,-53.93593601777421,503.8,3.9,480.8,484.7,0.6,3.3,1071.5665746507455,179.58519301571081,891.985122336995,-28.492783723683456,5.195452029302641,-28.492783723683456,5.195452029302641,2,200.0,47
-39.56622262409106,631.8,1.2274763165555669,632.1509553840935,633.3784317006491,38.168279523801225,632.4,-52.58774764315067,662.4,4.0,631.8,635.8,0.6,3.4,1109.2563035791445,194.21387207757007,915.046055317815,-25.2374034233679,4.866625343382752,-25.2374034233679,4.866625343382752,3,200.0,47
-38.34956513919726,781.4,1.2665294311225808,781.7522209261451,783.0187503572677,36.98450599519247,782.0,-53.37693107781606,812.9,4.0,781.4,785.4,0.6,3.4,1098.4009057456744,187.41106427639153,910.9873379845172,-24.02074698652395,4.636447117548048,-24.02074698652395,4.636447117548048,4,200.0,47
-38.875687291625916,946.1,1.3030653052677734,946.4551703561377,947.7582356614055,36.06379323949099,946.7,-53.44269636456528,977.8,4.2,946.1,950.3,0.6,3.6,1136.747471919065,184.27350704557384,952.4705042142216,-23.790569145251652,4.472034086069563,-23.790569145251652,4.472034086069563,5,200.0,47
-41.76935921746385,345.6,0.918661821601836,345.97633840064503,346.8950002222469,40.864652501226075,346.2,-51.897212147376734,367.8,2.8,345.6,348.4,0.6,2.2,835.2776155925781,184.37899250616937,650.9143535290003,-30.876773208738875,6.905346675702095,-30.876773208738875,6.905346675702095,1,225.0,48
-40.322523235984775,420.8,1.1840626971782513,421.1931305925461,422.37719328972435,39.2534052441963,421.4,-53.37693107781606,438.5,3.7,420.8,424.5,0.6,3.1,1067.4297774683073,173.75484834708564,893.6872369353607,-28.739404642598437,5.0803621254646725,-28.739404642598437,5.0803621254646725,2,225.0,48
-39.66487052941624,521.2,1.2075326546470024,521.5211135277104,522.7286461823575,38.10251432819149,521.8,-52.982339359024635,542.4,3.9,521.2,525.1,0.6,3.3,1097.1228458952205,218.94511232971405,878.1825786977482,-26.93086288722693,4.981714572195662,-26.93086288722693,4.981714572195662,3,225.0,48
-38.34956513919726,630.3,1.2947821028447835,630.6314087443498,631.9261908471946,36.622797413771266,630.9,-52.160273287573844,649.1,4.1,630.3,634.4,0.6,3.5,1134.7956789820446,202.8812795334018,931.9137649126598,-24.809934814319114,4.340503726065407,-24.809934814319114,4.340503726065407,4,225.0,48
-38.3824477735814,742.4,1.3316013384950565,742.7838311322655,744.1154324707607,35.17596307283939,743.1,-51.66703365076308,765.7,4.4,742.4,746.8,0.7,3.7,1165.866142955313,233.80549107535302,932.0654359184207,-24.431781924935624,4.455592951761751,-24.431781924935624,4.455592951761751,5,225.0,48
-37.8892082598135,848.8,1.3591320145798818,849.1679767706289,850.5271087852088,34.485428492382106,849.4,-51.63415100847032,869.5,4.4,848.8,853.2,0.6,3.8,1144.7960881517786,176.2200378912957,968.5799569463929,-23.215124351283382,4.241855846827885,-23.215124351283382,4.241855846827885,6,225.0,48
-37.39596875031267,970.6,1.3694863288312262,970.9829831561135,972.3524694849448,33.86065910521808,971.3,-51.00938080873198,988.5,4.5,970.6,975.1,0.7,3.8,1148.9201791699134,226.8850790078418,922.0336280151403,-22.689003431809805,4.208973428957229,-22.689003431809805,4.208973428957229,7,225.0,48
-41.177471765993104,336.7,0.8796115473856844,336.99342236826993,337.8730339156556,40.76600471082492,337.2,-50.450375899325,349.7,2.5,336.7,339.2,0.5,2.0,784.8927499025656,168.84989498958825,616.0569096979672,-31.30424850975527,7.036877100396929,-31.30424850975527,7.036877100396929,1,250.0,49
-39.20451363936951,384.9,1.2087947171448377,385.2204135410463,386.4292082581911,39.41781823095975,385.5,-52.226038572824976,402.8,3.7,384.9,388.6,0.6,3.1,1072.0725062806164,221.94796789680385,850.1211215604861,-27.966664911205914,4.7679775781204725,-27.966664911205914,4.7679775781204725,2,250.0,49
-38.941452561022146,469.7,1.2622992912031805,470.02865850452025,471.29095779572344,38.03674913253198,470.3,-51.73279893540907,488.2,4.0,469.7,473.7,0.6,3.4,1109.21761297365,210.6144404517878,898.596673145849,-26.010150042886757,4.866625373853358,-26.010150042886757,4.866625373853358,3,250.0,49
-38.711274118468644,554.1,1.2785950218957622,554.4472674102174,555.7258624321131,36.754327807191125,554.7,-51.46973779730859,571.3,4.3,554.1,558.4,0.6,3.7,1143.0217507667046,191.57824630625876,951.4468195583171,-23.41242473871916,4.472034102835032,-23.41242473871916,4.472034102835032,4,250.0,49
-38.18515196756158,640.5,1.3490954113864064,640.8535023839097,642.202597795296,35.53767166036693,641.1,-50.779202315920834,659.7,4.4,640.5,644.9,0.6,3.8,1162.2385160074707,182.3718084111072,979.8718576891101,-23.10003421694561,4.356945198425337,-23.10003421694561,4.356945198425337,5,250.0,49
-37.59326455360156,722.0,1.4283928078309145,722.3680864673171,723.7964792751479,33.926424304084314,722.6,-50.28596269177888,739.3,4.6,722.0,726.6,0.6,4.0,1187.0627773806393,173.90169053219788,1013.1623513569193,-22.869856985774604,4.0938841167289475,-22.869856985774604,4.0938841167289475,6,250.0,49
-36.968494512189544,794.9,1.4666478321475551,795.3068819848047,796.7735298169522,33.33453751244219,795.6,-49.891370995710425,814.5,4.8,794.9,799.7,0.7,4.1,1221.679009975122,208.6806758067388,1012.9987187096622,-22.294413279922438,3.7486170753872194,-22.294413279922438,3.7486170753872194,7,250.0,49
-37.0342597793852,889.4,1.4169544742611833,889.7913792708944,891.2083337451555,32.70976811674657,890.1,-49.75984043099435,909.2,4.8,889.4,894.2,0.7,4.1,1183.7566728978875,216.786828604135,966.9685689538811,-21.949145153068812,3.748616969536654,-21.949145153068812,3.748616969536654,8,250.0,49
-36.86984661153768,983.7,1.476187395827219,984.1059558438386,985.5821432396658,32.348059517110386,984.4,-49.463896661551956,999.8,4.8,983.7,988.5,0.7,4.1,1194.3056213003947,206.4195048626302,987.8854021912491,-21.32437618944119,3.7650582552568306,-21.32437618944119,3.7650582552568306,9,250.0,49
-41.63782867215281,331.5,0.8836090218883328,331.85974379621115,332.7433528180995,40.89753509800204,332.1,-49.29948345700485,341.0,2.5,331.5,334.0,0.6,1.9,790.311651711963,198.10087211970568,592.22960112136,-29.643673693781718,7.316379397757697,-29.643673693781718,7.316379397757697,1,275.0,50
-39.36892681395655,368.7,1.2759387490025802,369.03760327560593,370.3135420246085,39.54934862014857,369.3,-51.56838572394522,386.5,4.0,368.7,372.7,0.6,3.4,1144.6999741627646,208.47027599843145,936.2319088831734,-26.66780296094978,4.57068160856519,-26.66780296094978,4.57068160856519,2,275.0,50
-38.74415675306201,435.8,1.2744460640027682,436.1760919204382,437.450537984441,38.00386653468355,436.4,-50.61478910737222,452.6,4.2,435.8,440.0,0.6,3.6,1131.7518126180998,179.68482071371778,952.0691307576797,-26.322531270123765,4.488475537584305,-26.322531270123765,4.488475537584305,3,275.0,50
-38.74415675306201,505.7,1.3656176122030046,506.04976741009386,507.41538502229685,36.88585820041004,506.3,-50.450375899325,521.6,4.4,505.7,510.1,0.6,3.8,1190.34825585508,189.93895679156043,1000.4083927652619,-23.511066435491777,4.241855820432873,-23.511066435491777,4.241855820432873,4,275.0,50
-38.4482130424067,575.1,1.3989069753078183,575.450483643673,576.8493906189808,35.96514544365162,575.7,-50.48325854089435,590.2,4.4,575.1,579.5,0.6,3.8,1194.2461619482815,186.4266906189526,1007.8203191163273,-22.935620918095488,4.093884307363998,-22.935620918095488,4.093884307363998,5,275.0,50
-37.75767772352978,648.3,1.446437332700316,648.7055630550182,650.1520003877184,34.51831109157883,649.0,-49.891370995710425,665.4,4.6,648.3,652.9,0.7,3.9,1214.2192736855782,215.25263890701066,998.9729263134557,-23.182243775180893,3.8308233729091263,-23.182243775180893,3.8308233729091263,6,275.0,50
-36.77119871105572,721.0,1.4352047614929688,721.3247956059623,722.7600003674553,33.59759830924068,721.6,-49.33236609787437,738.2,4.7,721.0,725.7,0.6,4.1,1186.1815889299212,194.70481862051858,991.471439190141,-21.834057616100857,3.781499645573949,-21.834057616100857,3.781499645573949,7,275.0,50
-36.24507657801814,788.8,1.5587599193388997,789.1573943331902,790.716154252529,32.57823771705974,789.5,-49.5625445845197,807.7,4.8,788.8,793.6,0.7,4.1,1233.988075195389,236.32964662561818,997.6543924571401,-20.650280188533284,3.5019973970907046,-20.650280188533284,3.5019973970907046,8,275.0,50
-36.37660711082532,866.9,1.5409293052538486,867.3011346047782,868.842063910032,32.315176917065905,867.6,-49.5625445845197,887.3,5.0,866.9,871.9,0.7,4.3,1238.70052700691,207.45897867770452,1031.2444731726093,-21.044873653882057,3.4197908586855963,-21.044873653882057,3.4197908586855963,9,275.0,50
-35.68607181694551,945.9,1.6004751741351355,946.3061919123409,947.9066670864761,31.46022931135914,946.6,-49.85848835450142,962.9,5.2,945.9,951.1,0.7,4.5,1271.0726012361158,200.1893333682245,1070.883641762141,-20.222808511924743,3.2389366534793433,-20.222808511924743,3.2389366534793433,10,275.0,50
-41.57206339961302,327.2,0.8836079824599892,327.57373686148077,328.45734484394075,40.79888730763752,327.8,-48.37876952074522,337.9,2.6,327.2,329.8,0.6,2.0,787.7119275552699,185.37574873861183,602.35233435082,-30.597270731008702,7.283496732772595,-30.597270731008702,7.283496732772595,1,300.0,51
-39.36892681395655,355.4,1.325738004099503,355.7279081855444,357.0536461896439,39.384935633631734,356.0,-50.976498166841566,369.6,4.0,355.4,359.4,0.6,3.4,1169.8623458041427,216.0494499001048,953.8125616714149,-27.02951098996712,4.406268609859014,-27.02951098996712,4.406268609859014,2,300.0,51
-38.875687291625916,413.8,1.2950321494149648,414.1779273659705,415.47295951538547,37.77368834939577,414.4,-49.85848835450142,430.3,4.2,413.8,418.0,0.6,3.6,1145.2088447469155,178.26640281172865,966.940143485548,-26.125235775050342,4.5377991601533445,-26.125235775050342,4.5377991601533445,3,300.0,51
-38.579743580285474,471.0,1.389664093587544,471.36556882925845,472.75523292284595,36.622797413771266,471.6,-49.79272307214339,486.9,4.4,471.0,475.4,0.6,3.8,1200.1336856810049,184.3180798736592,1015.8188585439057,-24.513987087759304,4.0445603325134325,-24.513987087759304,4.0445603325134325,4,300.0,51
-36.93561187862004,535.8,1.4596828418651058,536.1844352247358,537.6441180666009,34.748489285599014,536.5,-49.39813137967325,553.4,4.6,535.8,540.4,0.7,3.9,1211.9006667710244,226.791916510234,985.1091980496714,-23.100035971686754,3.8308233889848147,-23.100035971686754,3.8308233889848147,5,300.0,51
-37.10002504665643,601.9,1.4794388334266841,602.2747282258406,603.7541670592673,34.18948509903739,602.6,-49.431014020602625,616.8,4.8,601.9,606.7,0.7,4.1,1236.0268721592167,232.06200829487068,1003.9661924019289,-22.573913765633023,3.8472647178008046,-22.573913765633023,3.8472647178008046,6,300.0,51
-35.225714958960644,670.0,1.5119009410255786,670.34705466662,671.8589556076456,32.80841591637617,670.6,-48.18147367928937,686.0,4.7,670.0,674.7,0.6,4.1,1200.2852117090893,179.98023517965194,1020.3009539938676,-19.95974469036724,3.649969143662503,-19.95974469036724,3.649969143662503,7,300.0,51
-36.0806634124327,734.9,1.5872764282960816,735.2525677274909,736.839844155787,32.150763916649304,735.6,-48.04994311871579,751.5,4.9,734.9,739.8,0.7,4.2,1251.9062854358976,238.11247237361968,1013.7877014210583,-20.157040820093243,3.2060538194340182,-20.157040820093243,3.2060538194340182,8,300.0,51
-36.17931131172752,799.1,1.6481780432701272,799.5001557227877,801.1483337660578,32.01923351608287,799.8,-48.28012159992794,818.7,5.2,799.1,804.3,0.7,4.5,1299.675755381084,206.67828528739528,1092.9949572612866,-20.485869161544915,3.2553778187761395,-20.485869161544915,3.2553778187761395,9,300.0,51
-36.0148981463302,856.4,1.6859774733560697,856.794380124001,858.480357597357,31.46022931135914,857.1,-48.28012159992794,875.4,5.3,856.4,861.7,0.7,4.6,1317.4133011238705,207.79268529607063,1109.624731488102,-20.206366741293465,3.1896126049381444,-20.206366741293465,3.1896126049381444,10,300.0,51
-35.45589338749355,925.8,1.6658667512474494,926.2042949363315,927.870161687579,30.934107703478116,926.5,-48.34588688045292,944.7,5.2,925.8,931.0,0.7,4.5,1276.4256124511958,198.78062945975356,1077.6468121150829,-19.400743069958743,3.2882605612169584,-19.400743069958743,3.2882605612169584,11,300.0,51
-34.403649150259376,993.8,1.6662470473116628,994.1383830126508,995.8046300599624,30.079160083536603,994.4,-38.74415675306201,999.9,5.1,993.8,998.9,0.6,4.5,1228.693222480586,176.5854670437818,1052.099175189392,-18.381383463414213,3.058082180505858,-18.381383463414213,3.058082180505858,12,300.0,51
-41.04594122206926,388.9,1.0226502017952044,389.25345301106637,390.2761032128616,40.79888730763752,389.5,-56.730960806024996,423.8,3.2,388.9,392.1,0.6,2.6,941.4691894579025,202.42842791847337,739.0493276632686,-28.492781704220537,6.19837060739828,-28.492781704220537,6.19837060739828,1,175.0,63
-39.73063579972862,664.8,1.1596513815661638,665.1117774997126,666.2714288812788,39.58223121741497,665.4,-55.908894676474766,695.2,3.7,664.8,668.5,0.6,3.1,1057.565409966351,230.58787322362397,826.9746426965594,-28.262607859249538,5.244775387998617,-28.262607859249538,5.244775387998617,2,175.0,63
-39.86216634058285,935.4,1.2028969873786992,935.737011584509,936.9399085718876,38.957461867244156,936.0,-55.25124178206682,981.3,3.8,935.4,939.2,0.6,3.2,1084.484829593602,208.7578624363323,875.7234784640193,-26.289653013315082,4.948831878428797,-26.289653013315082,4.948831878428797,3,175.0,63
-40.88152804259726,354.8,0.9484672862426123,355.1042915865463,356.0527588727889,40.56870912969277,355.3,-53.639992225300226,377.3,2.8,354.8,357.6,0.5,2.3,855.1026916893886,160.919465906791,694.196553870646,-30.84389269685054,6.691610103759704,-30.84389269685054,6.691610103759704,1,200.0,64
-40.48693641382438,446.3,1.1523035570333378,446.69178767180784,447.8440912288412,39.2534052441963,446.9,-53.44269636456528,468.9,3.8,446.3,450.1,0.6,3.2,1055.2091462068115,167.19881150766238,888.0211130345115,-28.772287202653807,5.261216467803793,-28.772287202653807,5.261216467803793,2,200.0,64
-39.66487052941624,578.5,1.220725605361895,578.8605831221197,580.0813087274817,38.52998809876615,579.1,-53.67287486882715,602.1,4.0,578.5,582.5,0.6,3.4,1092.5279286902744,187.56474069849457,904.961538256141,-26.043028015713197,4.817301394775388,-26.043028015713197,4.817301394775388,3,200.0,64
-39.46757471893785,698.8,1.2280759519543607,699.18911188477,700.4171878367243,36.78721040551468,699.5,-53.17963521805535,722.6,4.1,698.8,702.9,0.7,3.4,1091.5722100848402,238.30105295510336,853.2818389936658,-26.37185641360307,4.998155996278924,-26.37185641360307,4.998155996278924,4,200.0,64
-38.80992202230588,825.6,1.2832307844302704,825.9203410128808,827.203571797311,35.76784985163191,826.2,-53.17963521805535,854.1,4.4,825.6,830.0,0.6,3.8,1132.4684254313656,210.40137424441218,922.0595032684173,-24.54687329156515,4.389827935749301,-24.54687329156515,4.389827935749301,5,200.0,64
-38.54686094578725,979.7,1.337864820042705,980.0997898736681,981.4376546937108,35.077315275974556,980.4,-52.58774764315067,999.3,4.5,979.7,984.2,0.7,3.8,1150.9258740876044,223.4261473659418,927.4992582851244,-24.10295671512121,4.3733864480398275,-24.10295671512121,4.3733864480398275,6,200.0,64
-41.44053285476479,342.9,0.9029448580040935,343.20268037455054,344.10562523255464,40.56870912969277,343.4,-51.436855155136655,357.7,2.6,342.9,345.5,0.5,2.1,812.2981865540563,162.9266065468043,649.3852264056752,-31.156277538112985,7.036876975627077,-31.156277538112985,7.036876975627077,1,225.0,65
-40.421171142630996,390.1,1.1543580105119418,390.4096773835844,391.5640353940963,39.02322706220892,390.7,-52.4233344290631,407.2,3.6,390.1,393.7,0.6,3.0,1041.6081325447155,232.83537411995317,808.7745431041764,-28.854495031297926,5.310540708966219,-28.854495031297926,5.310540708966219,2,225.0,65
-39.36892681395655,479.6,1.1910789825826213,479.9593886155426,481.1504675981252,37.839453545254585,480.2,-52.35756914356957,499.6,3.9,479.6,483.5,0.6,3.3,1071.887740120159,185.85771185220437,886.0303131983383,-25.615554087073072,4.9488318929138835,-25.615554087073072,4.9488318929138835,3,225.0,65
-39.43469208392499,550.7,1.1986436736701762,551.0417606911744,552.2404043648446,36.58991481538489,551.3,-51.765681577762294,568.4,4.2,550.7,554.9,0.6,3.6,1084.1267998832814,197.60574527921224,886.5238361241703,-24.366020460337772,4.866625759496554,-24.366020460337772,4.866625759496554,4,225.0,65
-38.05362143059487,657.0,1.3239602183974057,657.3285092837327,658.6524695021301,34.9786674789954,657.6,-51.27244194457881,674.3,4.3,657.0,661.3,0.6,3.7,1129.7977830128955,199.88413553133663,929.9093788769403,-23.395982199616547,4.225414884279536,-23.395982199616547,4.225414884279536,5,225.0,65
-37.69191245550165,743.8,1.362404265256555,744.1502627794133,745.5126670446699,33.5647157096858,744.4,-50.94361552497125,766.3,4.7,743.8,748.5,0.6,4.1,1162.0458418914138,178.94547456618983,983.0966422463316,-21.390138561843337,4.258297442721502,-21.390138561843337,4.258297442721502,6,225.0,65
-39.04010046525941,846.0,1.324013585551438,846.3779604903833,847.7019740759348,33.86065910521808,846.7,-51.40397251298484,864.3,4.5,846.0,850.5,0.7,3.8,1143.3913561760933,236.07029935003922,907.3251683632383,-23.790570910047233,4.4884756926322105,-23.790570910047233,4.4884756926322105,7,225.0,65
-37.59326455360156,948.1,1.428227657876232,948.478489171833,949.9067168297091,32.61112031700082,948.8,-51.14091137649458,975.6,4.8,948.1,952.9,0.7,4.1,1192.4155534601794,226.79703672039167,965.6172015330881,-21.866938079481866,4.028119133544558,-21.866938079481866,4.028119133544558,8,225.0,65
-41.63782867215281,334.0,0.844923613278479,334.37519154039944,335.2201151536779,39.845291995103025,334.6,-49.23371817532563,342.6,2.5,334.0,336.5,0.6,1.9,757.2889565585053,182.1888608677157,575.1165451555019,-30.59727111643282,7.612322969039587,-30.59727111643282,7.612322969039587,1,250.0,66
-39.43469208392499,366.3,1.2884804396453546,366.6535411961269,367.9420216357723,38.72728368447768,366.9,-53.08098728844879,383.0,3.9,366.3,370.2,0.6,3.3,1130.9532088806695,192.98109569086756,937.9691479588859,-25.599112201420223,4.504916642912342,-25.599112201420223,4.504916642912342,2,250.0,66
-39.27027890914708,445.2,1.184994570881281,445.5175567838925,446.70255135477373,37.576392761519905,445.8,-51.436855155136655,460.4,3.9,445.2,449.1,0.6,3.3,1061.2040697119219,218.8461906524054,842.355642109276,-26.4869472787855,4.981714618497719,-26.4869472787855,4.981714618497719,3,250.0,66
-39.20451363936951,522.2,1.2802148434252558,522.5883248352259,523.8685396786511,35.899380246362256,522.9,-50.121549484733464,539.7,4.4,522.2,526.6,0.7,3.7,1136.3945307554036,235.23346308445295,901.1661347254161,-25.368936711958547,4.800860082127066,-25.368936711958547,4.800860082127066,4,250.0,66
-37.95497352806913,596.2,1.3295866931694946,596.5422085574212,597.8717952505906,34.912902280945744,596.8,-51.30532458665012,615.0,4.4,596.2,600.6,0.6,3.8,1137.0387730365283,188.9838651092117,948.0563238130173,-22.623241587835942,4.1267668095714445,-22.623241587835942,4.1267668095714445,5,250.0,66
-37.52749928576288,678.4,1.3846721665961923,678.7750684579919,680.159740624588,33.43318531133794,679.1,-50.18731476749158,694.4,4.7,678.4,683.1,0.7,4.0,1168.8392891052833,231.3650933293666,937.4759787674627,-22.573913935612964,4.126766970229222,-22.573913935612964,4.126766970229222,6,250.0,66
-37.10002504665643,741.4,1.4288470239085655,741.7575819345379,743.1864289584465,32.51247251713884,742.0,-50.746319674170984,761.5,4.6,741.4,746.0,0.6,4.0,1173.4698307774706,176.79946024858864,996.6667827476945,-21.27504990830724,3.929471356585534,-21.27504990830724,3.929471356585534,7,250.0,66
-37.36308611649745,823.2,1.428997480050566,823.5952453576317,825.0242428376823,32.47958991715901,823.9,-50.28596269177888,843.0,4.7,823.2,827.9,0.7,4.0,1174.2692823583739,214.41468632139168,959.8515728923409,-21.718967130237353,3.945912602946251,-21.718967130237353,3.945912602946251,8,250.0,66
-37.461734017999916,898.0,1.4264294913969935,898.4215971867989,899.8480266781959,32.74265071663601,898.7,-49.79272307214339,915.6,5.0,898.0,903.0,0.7,4.3,1208.0776944450724,198.29716959751264,1009.783421907415,-21.53811408159829,3.814382111754899,-21.53811408159829,3.814382111754899,9,250.0,66
-36.7054334441621,977.4,1.4922843306761933,977.7798588961186,979.2721432267948,31.262933708794762,978.1,-49.431014020602625,996.7,4.8,977.4,982.2,0.7,4.1,1186.3475083877725,218.66848797439138,967.6776650878639,-20.387220603089883,3.633527875983626,-20.387220603089883,3.633527875983626,10,250.0,66
-41.24323703807048,329.8,0.857644565522287,330.1301215809312,330.9877661464535,38.793048879615725,330.3,-49.39813137967325,340.0,2.4,329.8,332.2,0.5,1.9,747.5119528161996,146.89557179801704,600.6343370950827,-29.64367974585091,7.316379133459408,-29.64367974585091,7.316379133459408,1,275.0,67
-39.43469208392499,361.2,1.2366750689495802,361.5435232865231,362.7801983554727,38.89169667222991,361.8,-51.173794018485474,371.9,3.7,361.2,364.9,0.6,3.1,1080.3415986805505,201.56507325035037,878.7841029977842,-26.026592557964626,4.8830666747817695,-26.026592557964626,4.8830666747817695,2,275.0,67
-38.777039387674414,420.6,1.235420806784805,420.9260795130173,422.16150031980214,37.214684182579425,421.2,-51.30532458665012,437.1,3.9,420.6,424.5,0.6,3.3,1080.782869950913,209.67620019703477,871.104055899238,-25.714206408905472,4.784418913236339,-25.714206408905472,4.784418913236339,3,275.0,67
-38.54686094578725,483.8,1.3089275372445628,484.16185932455966,485.4707868618042,35.76784985163191,484.4,-50.64767174904181,497.3,4.1,483.8,487.9,0.6,3.5,1115.4167124524533,177.28167722083364,938.1443376423096,-24.119395695491008,4.455593027607083,-24.119395695491008,4.455593027607083,4,275.0,67
-37.9878561622254,548.8,1.382112243242409,549.1576141810685,550.539726424311,34.0908373010259,549.4,-50.220197408900646,565.8,4.5,548.8,553.3,0.6,3.9,1161.579444556272,182.5214537942566,979.0587914450564,-22.5410303110435,4.208973507920201,-22.5410303110435,4.208973507920201,5,275.0,67
-37.00137714577792,608.4,1.4101579400401534,608.736044941124,610.1462028811641,33.400302711718865,609.0,-49.7269577898653,625.8,4.5,608.4,612.9,0.6,3.9,1151.0415070302697,186.9135174254211,964.1259714717912,-21.669645279851174,3.8308233857670473,-21.669645279851174,3.8308233857670473,6,275.0,67
-36.73831607759948,682.0,1.4221794895070161,682.347683891549,683.769863381056,32.57823771705974,682.6,-49.66119250766714,701.7,4.6,682.0,686.6,0.6,4.0,1152.2380941653928,182.69727595573573,969.5375013876564,-20.4858667021756,3.8637059867055914,-20.4858667021756,3.8637059867055914,7,275.0,67
-36.7054334441621,755.7,1.5296256502606411,756.0953747594772,757.6250004097378,31.756172714327523,756.4,-49.62830986659801,772.1,4.8,755.7,760.5,0.7,4.1,1205.7243292631106,210.18740586836753,995.5418762475166,-20.94622568646005,3.5184387314971453,-20.94622568646005,3.5184387314971453,8,275.0,67
-35.916250247317485,819.2,1.560593063521992,819.5394073743066,821.1000004378286,30.835459901628614,819.8,-48.70759592476115,836.9,4.9,819.2,824.1,0.6,4.3,1208.802431306632,181.8238926842751,1026.971308714894,-19.351420940361802,3.41979086012684,-19.351420940361802,3.41979086012684,9,275.0,67
-35.58742391849636,890.8,1.575551395484581,891.2083199623985,892.7838713578831,30.11204268446741,891.5,-49.135070252956346,913.7,4.9,890.8,895.7,0.7,4.2,1191.906376625204,194.23446330525275,997.6728498060735,-19.466508622476397,3.222495264837777,-19.466508622476397,3.222495264837777,10,275.0,67
-35.81760234847392,970.2,1.5356695644086358,970.5880596625941,972.1237292270027,30.144925285385092,970.9,-47.85264727845049,989.5,5.1,970.2,975.3,0.7,4.4,1210.1767809125477,207.04296883626296,1003.13011177303,-19.680244834325226,3.501997456583233,-19.680244834325226,3.501997456583233,11,275.0,67
-41.966655036009406,324.2,0.8362384707651926,324.5703915654584,325.4066300362236,39.12187485456335,324.8,-48.08282575882943,333.4,2.4,324.2,326.6,0.6,1.8,737.3283612952689,185.16420320683883,552.179704959272,-30.00538387739431,7.661646965322519,-30.00538387739431,7.661646965322519,1,300.0,68
-39.30316154406448,350.9,1.3238228585308207,351.29791662700643,352.62173948553726,37.44486236935294,351.6,-51.20667666049648,363.7,3.9,350.9,354.8,0.7,3.2,1125.580701432964,233.5571284334843,892.0346582071134,-27.111715649532762,4.3569448501745,-27.111715649532762,4.3569448501745,2,300.0,68
-38.4482130424067,400.5,1.2887792853435258,400.8306947294084,402.1194740147519,36.82009300382569,401.1,-50.64767174904181,415.8,4.0,400.5,404.5,0.6,3.4,1098.798638908834,204.00786738259436,894.7874442330053,-25.18808486454852,4.30762089596643,-25.18808486454852,4.30762089596643,3,300.0,68
-38.15226933329142,457.8,1.327247746286139,458.11726481678426,459.44451256307036,35.53767166036693,458.4,-50.35172797473722,473.8,4.2,457.8,462.0,0.6,3.6,1130.1603574893268,209.43788197449277,920.7166898084587,-24.497549096461178,4.27473856472672,-24.497549096461178,4.27473856472672,4,300.0,68
-38.15226933329142,502.8,1.3895409298966115,503.19460576943527,504.5841466993319,34.38678069471542,503.5,-49.595427225548875,518.5,4.6,502.8,507.4,0.7,3.9,1169.367557596309,222.71513234150893,946.6543791219067,-23.807013005234793,4.17609080808842,-23.807013005234793,4.17609080808842,5,300.0,68
-36.63966817734393,561.2,1.4531366071451886,561.5399193228598,562.993055930005,32.87418111606475,561.8,-49.06930497147647,577.8,4.5,561.2,565.7,0.6,3.9,1164.7074994312504,181.68045535464358,983.0203767429291,-21.094199683608245,3.5677626990736897,-21.094199683608245,3.5677626990736897,6,300.0,68
-36.573902910601184,617.7,1.5125882221336724,618.0577246865676,619.5703129087012,31.821937914844234,618.4,-48.90489176812542,635.1,4.8,617.7,622.5,0.7,4.1,1199.836679520481,234.65386234091045,965.1768378700671,-20.683162983220193,3.8143822120416973,-20.683162983220193,3.8143822120416973,7,300.0,68
-36.34372447759529,679.9,1.5358882286333029,680.3006201153016,681.836508343935,31.39446411055643,680.6,-47.688234078774485,693.6,5.2,679.9,685.1,0.7,4.5,1239.40772123554,204.37119233251744,1035.0393347465601,-20.6667237207253,3.3540256767512506,-20.6667237207253,3.3540256767512506,8,300.0,68
-35.62030655129398,729.6,1.7161829130501247,730.0251968150535,731.7413797281035,30.144925285385092,730.3,-47.5238208795936,746.5,5.1,729.6,734.7,0.7,4.4,1268.1233613672507,190.02669563875932,1078.0987776242969,-18.89106358370568,2.893669255433622,-18.89106358370568,2.893669255433622,9,300.0,68
-34.60094494328207,794.6,1.6642912772593264,794.9495980375175,796.6138893147769,29.48727326453388,795.3,-47.81976463847566,814.6,5.0,794.6,799.6,0.7,4.3,1215.4884025258002,225.1538792606396,990.3277062854831,-18.00322994629616,3.041640880370002,-18.00322994629616,3.041640880370002,10,300.0,68
-34.831123369325326,858.2,1.6669695795249937,858.6157894377462,860.2827590172712,29.224212454718252,858.9,-47.81976463847566,874.6,5.1,858.2,863.3,0.7,4.4,1225.7830857560302,184.7120032116438,1041.0711650486517,-18.562236998003623,3.0416410563385243,-18.562236998003623,3.0416410563385243,11,300.0,68
-35.65318918411036,916.2,1.6541117620308796,916.5748360289041,918.228947790935,29.88186447767591,916.9,-47.951295198493916,933.9,5.1,916.2,921.3,0.7,4.4,1241.8893113977858,213.18375528034238,1028.70645800457,-19.137681172388262,3.1402887842823315,-19.137681172388262,3.1402887842823315,12,300.0,68
-34.699592840045604,977.9,1.7645341827148513,978.2691201000273,980.0336542827421,28.928269042665427,978.6,-48.115708398962894,997.1,5.1,977.9,983.0,0.7,4.4,1254.7623114473558,210.91301386640095,1043.8437643082268,-18.249850412973323,2.9594345777575413,-18.249850412973323,2.9594345777575413,13,300.0,68
